選舉年度,選舉別,選舉類別,屆任次,投票日期,地區,號次,姓名,性別,出生年次,推薦政黨,得票數,得票率,當選否,是否現任,副手姓名,副手性別,副手出生年次
1996,第 09 任 總統(副總統)選舉,總統(副總統)選舉,09,1996-03-23,台閩地區,01,陳履安,M,1937,無黨籍及未經政黨推薦,1074044,9.98,N,N,王清峰,F,1952
1996,第 09 任 總統(副總統)選舉,總統(副總統)選舉,09,1996-03-23,台閩地區,02,李登輝,M,1923,中國國民黨,5813699,54,Y,Y,連戰,M,1936
1996,第 09 任 總統(副總統)選舉,總統(副總統)選舉,09,1996-03-23,台閩地區,03,彭明敏,M,1923,民主進步黨,2274586,21.13,N,N,謝長廷,M,1946
1996,第 09 任 總統(副總統)選舉,總統(副總統)選舉,09,1996-03-23,台閩地區,04,林洋港,M,1927,無黨籍及未經政黨推薦,1603790,14.9,N,N,郝柏村,M,1919
2000,第 10 任 總統(副總統)選舉,總統(副總統)選舉,10,2000-03-18,台閩地區,01,宋楚瑜,M,1942,無黨籍及未經政黨推薦,4664972,36.84,N,N,張昭雄,M,1942
2000,第 10 任 總統(副總統)選舉,總統(副總統)選舉,10,2000-03-18,台閩地區,02,連戰,M,1936,中國國民黨,2925513,23.1,N,N,蕭萬長,M,1939
2000,第 10 任 總統(副總統)選舉,總統(副總統)選舉,10,2000-03-18,台閩地區,03,李敖,M,1937,新黨,16782,0.13,N,N,馮滬祥,M,1948
2000,第 10 任 總統(副總統)選舉,總統(副總統)選舉,10,2000-03-18,台閩地區,04,許信良,M,1941,無黨籍及未經政黨推薦,79429,0.63,N,N,朱惠良,F,1950
2000,第 10 任 總統(副總統)選舉,總統(副總統)選舉,10,2000-03-18,台閩地區,05,陳水扁,M,1951,民主進步黨,4977697,39.3,Y,N,呂秀蓮,F,1944
2004,第 11 任 總統(副總統)選舉,總統(副總統)選舉,11,2004-03-20,台閩地區,01,陳水扁,M,1951,民主進步黨,6471970,50.11,Y,Y,呂秀蓮,F,1944
2004,第 11 任 總統(副總統)選舉,總統(副總統)選舉,11,2004-03-20,台閩地區,02,連戰,M,1936,中國國民黨,6442452,49.89,N,N,宋楚瑜,M,1942
2008,第 12 任 總統(副總統)選舉,總統(副總統)選舉,12,2008-03-22,台閩地區,01,謝長廷,M,1946,民主進步黨,5444949,41.55,N,N,蘇貞昌,M,1947
2008,第 12 任 總統(副總統)選舉,總統(副總統)選舉,12,2008-03-22,台閩地區,02,馬英九,M,1950,中國國民黨,7659014,58.45,Y,N,蕭萬長,M,1939
2012,第 13 任 總統(副總統)選舉,總統(副總統)選舉,13,2012-01-14,台閩地區,01,蔡英文,F,1956,民主進步黨,6093578,45.63,N,N,蘇嘉全,M,1956
2012,第 13 任 總統(副總統)選舉,總統(副總統)選舉,13,2012-01-14,台閩地區,02,馬英九,M,1950,中國國民黨,6891139,51.6,Y,Y,吳敦義,M,1948
2012,第 13 任 總統(副總統)選舉,總統(副總統)選舉,13,2012-01-14,台閩地區,03,宋楚瑜,M,1942,親民黨,369588,2.77,N,N,林瑞雄,M,1940
2016,第 14 任 總統(副總統)選舉,總統(副總統)選舉,14,2016-01-16,台閩地區,01,朱立倫,M,1961,中國國民黨,3813365,31.04,N,N,王如玄,F,1961
2016,第 14 任 總統(副總統)選舉,總統(副總統)選舉,14,2016-01-16,台閩地區,02,蔡英文,F,1956,民主進步黨,6894744,56.12,Y,N,陳建仁,M,1951
2016,第 14 任 總統(副總統)選舉,總統(副總統)選舉,14,2016-01-16,台閩地區,03,宋楚瑜,M,1942,親民黨,1576861,12.83,N,N,徐欣瑩,F,1972
2020,第 15 任 總統(副總統)選舉,總統(副總統)選舉,15,2020-01-11,台閩地區,01,宋楚瑜,M,1942,親民黨,608590,4.2556,N,N,余湘(副總統),F,1959
2020,第 15 任 總統(副總統)選舉,總統(副總統)選舉,15,2020-01-11,台閩地區,02,韓國瑜,M,1957,中國國民黨,5522119,38.6137,N,N,張善政(副總統),M,1954
2020,第 15 任 總統(副總統)選舉,總統(副總統)選舉,15,2020-01-11,台閩地區,03,蔡英文,F,1956,民主進步黨,8170231,57.1307,Y,Y,賴清德(副總統),M,1959
2024,第 16任 總統(副總統)選舉,總統(副總統)選舉,16,2024-01-13,台閩地區,01,柯文哲,M,1959,台灣民眾黨,3690466,26.46,N,N,吳欣盈,F,1978
2024,第 16任 總統(副總統)選舉,總統(副總統)選舉,16,2024-01-13,台閩地區,02,賴清德,M,1959,民主進步黨,5586019,40.05,Y,Y,蕭美琴,F,1971
2024,第 16任 總統(副總統)選舉,總統(副總統)選舉,16,2024-01-13,台閩地區,03,侯友宜,M,1957,中國國民黨,4671021,33.49,N,N,趙少康,M,1950
1994,第 01 屆 台灣省長選舉,台灣省長選舉,01,1994-12-03,台灣省,01,蔡正治,M,1943,無黨籍及未經政黨推薦,37256,0.44,N,N,,,
1994,第 01 屆 台灣省長選舉,台灣省長選舉,01,1994-12-03,台灣省,02,朱高正,M,1953,新黨,362377,4.31,N,N,,,
1994,第 01 屆 台灣省長選舉,台灣省長選舉,01,1994-12-03,台灣省,03,宋楚瑜,M,1942,中國國民黨,4726012,56.22,Y,Y,,,
1994,第 01 屆 台灣省長選舉,台灣省長選舉,01,1994-12-03,台灣省,04,吳梓,M,1939,無黨籍及未經政黨推薦,25398,0.3,N,N,,,
1994,第 01 屆 台灣省長選舉,台灣省長選舉,01,1994-12-03,台灣省,05,陳定南,M,1942,民主進步黨,3254887,38.72,N,N,,,
1994,第 01 屆 台北市長選舉,台北市長選舉,01,1994-12-03,台北市,01,紀榮治,M,1944,無黨籍及未經政黨推薦,3941,0.28,N,N,,,
1994,第 01 屆 台北市長選舉,台北市長選舉,01,1994-12-03,台北市,02,趙少康,M,1949,新黨,424905,30.17,N,N,,,
1994,第 01 屆 台北市長選舉,台北市長選舉,01,1994-12-03,台北市,03,陳水扁,M,1951,民主進步黨,615090,43.67,Y,N,,,
1994,第 01 屆 台北市長選舉,台北市長選舉,01,1994-12-03,台北市,04,黃大洲,M,1936,中國國民黨,364618,25.89,N,Y,,,
1994,第 01 屆 直轄市高雄市長選舉,直轄市高雄市長選舉,01,1994-12-03,高雄市,01,吳敦義,M,1948,中國國民黨,400766,54.46,Y,Y,,,
1994,第 01 屆 直轄市高雄市長選舉,直轄市高雄市長選舉,01,1994-12-03,高雄市,02,施鐘響,M,1937,無黨籍及未經政黨推薦,13084,1.78,N,N,,,
1994,第 01 屆 直轄市高雄市長選舉,直轄市高雄市長選舉,01,1994-12-03,高雄市,03,張俊雄,M,1937,民主進步黨,289110,39.29,N,N,,,
1994,第 01 屆 直轄市高雄市長選舉,直轄市高雄市長選舉,01,1994-12-03,高雄市,04,鄭德耀,M,1951,無黨籍及未經政黨推薦,7513,1.02,N,N,,,
1994,第 01 屆 直轄市高雄市長選舉,直轄市高雄市長選舉,01,1994-12-03,高雄市,05,湯阿根,M,1936,新黨,25413,3.45,N,N,,,
1998,第 02 屆 直轄市台北市長選舉,直轄市台北市長選舉,02,1998-12-05,台北市,01,馬英九,M,1950,中國國民黨,766377,51.13,Y,N,,,
1998,第 02 屆 直轄市台北市長選舉,直轄市台北市長選舉,02,1998-12-05,台北市,02,陳水扁,M,1952,民主進步黨,688072,45.91,N,Y,,,
1998,第 02 屆 直轄市台北市長選舉,直轄市台北市長選舉,02,1998-12-05,台北市,03,王建火宣,M,1938,新黨,44452,2.97,N,N,,,
1998,第 02 屆 直轄市高雄市長選舉,直轄市高雄市長選舉,02,1998-12-05,高雄市,01,吳建國,M,1950,新黨,6457,0.81,N,N,,,
1998,第 02 屆 直轄市高雄市長選舉,直轄市高雄市長選舉,02,1998-12-05,高雄市,02,鄭德耀,M,1951,無黨籍及未經政黨推薦,18699,2.35,N,N,,,
1998,第 02 屆 直轄市高雄市長選舉,直轄市高雄市長選舉,02,1998-12-05,高雄市,03,謝長廷,M,1946,民主進步黨,387797,48.71,Y,N,,,
1998,第 02 屆 直轄市高雄市長選舉,直轄市高雄市長選舉,02,1998-12-05,高雄市,04,吳敦義,M,1948,中國國民黨,383232,48.13,N,Y,,,
2002,第 03 屆 直轄市台北市長選舉,直轄市台北市長選舉,03,2002-12-07,台北市,01,李應元,M,1952,民主進步黨,488811,35.89,N,N,,,
2002,第 03 屆 直轄市台北市長選舉,直轄市台北市長選舉,03,2002-12-07,台北市,02,馬英九,M,1950,中國國民黨,873102,64.11,Y,Y,,,
2002,第 03 屆 直轄市高雄市長選舉,直轄市高雄市長選舉,03,2002-12-07,高雄市,01,施明德,M,1941,無黨籍及未經政黨推薦,8750,1.13,N,N,,,
2002,第 03 屆 直轄市高雄市長選舉,直轄市高雄市長選舉,03,2002-12-07,高雄市,02,張博雅,F,1942,無黨籍及未經政黨推薦,13479,1.75,N,N,,,
2002,第 03 屆 直轄市高雄市長選舉,直轄市高雄市長選舉,03,2002-12-07,高雄市,03,黃天生,M,1946,無黨籍及未經政黨推薦,1998,0.26,N,N,,,
2002,第 03 屆 直轄市高雄市長選舉,直轄市高雄市長選舉,03,2002-12-07,高雄市,04,黃俊英,M,1942,中國國民黨,361546,46.82,N,N,,,
2002,第 03 屆 直轄市高雄市長選舉,直轄市高雄市長選舉,03,2002-12-07,高雄市,05,謝長廷,M,1946,民主進步黨,386384,50.04,Y,Y,,,
2006,第 04 屆 直轄市台北市長選舉,直轄市台北市長選舉,04,2006-12-09,台北市,01,李敖,M,1937,無黨籍及未經政黨推薦,7795,0.61,N,N,,,
2006,第 04 屆 直轄市台北市長選舉,直轄市台北市長選舉,04,2006-12-09,台北市,02,周玉蔻,F,1953,台灣團結聯盟,3372,0.26,N,N,,,
2006,第 04 屆 直轄市台北市長選舉,直轄市台北市長選舉,04,2006-12-09,台北市,03,謝長廷,M,1946,民主進步黨,525869,40.89,N,N,,,
2006,第 04 屆 直轄市台北市長選舉,直轄市台北市長選舉,04,2006-12-09,台北市,04,宋楚瑜,M,1942,無黨籍及未經政黨推薦,53281,4.14,N,N,,,
2006,第 04 屆 直轄市台北市長選舉,直轄市台北市長選舉,04,2006-12-09,台北市,05,郝龍斌,M,1952,中國國民黨,692085,53.81,Y,N,,,
2006,第 04 屆 直轄市台北市長選舉,直轄市台北市長選舉,04,2006-12-09,台北市,06,柯賜海,M,1956,無黨籍及未經政黨推薦,3687,0.29,N,N,,,
2006,第 04 屆 直轄市高雄市長選舉,直轄市高雄市長選舉,04,2006-12-09,高雄市,01,黃俊英,M,1941,中國國民黨,378303,49.27,N,N,,,
2006,第 04 屆 直轄市高雄市長選舉,直轄市高雄市長選舉,04,2006-12-09,高雄市,02,林志昇,M,1950,保護台灣大聯盟,1746,0.23,N,N,,,
2006,第 04 屆 直轄市高雄市長選舉,直轄市高雄市長選舉,04,2006-12-09,高雄市,03,羅志明,M,1957,台灣團結聯盟,6599,0.86,N,N,,,
2006,第 04 屆 直轄市高雄市長選舉,直轄市高雄市長選舉,04,2006-12-09,高雄市,04,林景元,M,1925,無黨籍及未經政黨推薦,1803,0.23,N,N,,,
2006,第 04 屆 直轄市高雄市長選舉,直轄市高雄市長選舉,04,2006-12-09,高雄市,05,陳 菊,F,1950,民主進步黨,379417,49.41,Y,N,,,
2010,第 05 屆 直轄市台北市長選舉,直轄市台北市長選舉,05,2010-11-27,台北市,01,吳炎成,M,1942,無黨籍及未經政黨推薦,1832,0.13,N,N,,,
2010,第 05 屆 直轄市台北市長選舉,直轄市台北市長選舉,05,2010-11-27,台北市,02,郝龍斌,M,1952,中國國民黨,797865,55.65,Y,Y,,,
2010,第 05 屆 直轄市台北市長選舉,直轄市台北市長選舉,05,2010-11-27,台北市,03,蕭淑華,F,1961,無黨籍及未經政黨推薦,2238,0.16,N,N,,,
2010,第 05 屆 直轄市台北市長選舉,直轄市台北市長選舉,05,2010-11-27,台北市,04,吳武明,M,1957,無黨籍及未經政黨推薦,3672,0.26,N,N,,,
2010,第 05 屆 直轄市台北市長選舉,直轄市台北市長選舉,05,2010-11-27,台北市,05,蘇貞昌,M,1947,民主進步黨,628129,43.81,N,N,,,
2010,第 01 屆 直轄市高雄市長選舉,直轄市高雄市長選舉,01,2010-11-27,高雄市,01,楊秋興,M,1956,無黨籍及未經政黨推薦,414950,26.68,N,N,,,
2010,第 01 屆 直轄市高雄市長選舉,直轄市高雄市長選舉,01,2010-11-27,高雄市,02,黃昭順,F,1953,中國國民黨,319171,20.52,N,N,,,
2010,第 01 屆 直轄市高雄市長選舉,直轄市高雄市長選舉,01,2010-11-27,高雄市,03,陳菊,F,1950,民主進步黨,821089,52.8,Y,N,,,
2010,第 01 屆 直轄市新北市長選舉,直轄市新北市長選舉,01,2010-11-27,新北市,01,朱立倫,M,1961,中國國民黨,1115536,52.61,Y,N,,,
2010,第 01 屆 直轄市新北市長選舉,直轄市新北市長選舉,01,2010-11-27,新北市,02,蔡英文,F,1956,民主進步黨,1004900,47.39,N,N,,,
2010,第 01 屆 直轄市台中市長選舉,直轄市台中市長選舉,01,2010-11-27,臺中市,01,蘇嘉全,M,1956,民主進步黨,698358,48.88,N,N,,,
2010,第 01 屆 直轄市台中市長選舉,直轄市台中市長選舉,01,2010-11-27,臺中市,02,胡志強,M,1948,中國國民黨,730284,51.12,Y,N,,,
2010,第 01 屆 直轄市台南市長選舉,直轄市台南市長選舉,01,2010-11-27,臺南市,01,郭添財,M,1962,中國國民黨,406196,39.59,N,N,,,
2010,第 01 屆 直轄市台南市長選舉,直轄市台南市長選舉,01,2010-11-27,臺南市,02,賴清德,M,1959,民主進步黨,619897,60.41,Y,N,,,
2014,第 06屆 直轄市台北市長選舉,直轄市台北市長選舉,06,2014-11-29,台北市,01,陳汝斌,M,1937,三等國民公義人權自救黨,1624,0.11,N,N,,,
2014,第 06屆 直轄市台北市長選舉,直轄市台北市長選舉,06,2014-11-29,台北市,02,趙衍慶,M,1936,無黨籍及未經政黨推薦,15898,1.06,N,N,,,
2014,第 06屆 直轄市台北市長選舉,直轄市台北市長選舉,06,2014-11-29,台北市,03,李宏信,M,1940,無黨籍及未經政黨推薦,2621,0.18,N,N,,,
2014,第 06屆 直轄市台北市長選舉,直轄市台北市長選舉,06,2014-11-29,台北市,04,陳永昌,M,1952,無黨籍及未經政黨推薦,1908,0.13,N,N,,,
2014,第 06屆 直轄市台北市長選舉,直轄市台北市長選舉,06,2014-11-29,台北市,05,馮光遠,M,1953,無黨籍及未經政黨推薦,8080,0.54,N,N,,,
2014,第 06屆 直轄市台北市長選舉,直轄市台北市長選舉,06,2014-11-29,台北市,06,連勝文,M,1970,中國國民黨,609932,40.82,N,N,,,
2014,第 06屆 直轄市台北市長選舉,直轄市台北市長選舉,06,2014-11-29,台北市,07,柯文哲,M,1959,無黨籍及未經政黨推薦,853983,57.16,Y,N,,,
2014,第 02 屆 直轄市高雄市長選舉,直轄市高雄市長選舉,02,2014-11-29,高雄市,01,周可盛,M,1957,無黨籍及未經政黨推薦,14925,1.02,N,N,,,
2014,第 02 屆 直轄市高雄市長選舉,直轄市高雄市長選舉,02,2014-11-29,高雄市,02,陳菊,F,1950,民主進步黨,993300,68.09,Y,Y,,,
2014,第 02 屆 直轄市高雄市長選舉,直轄市高雄市長選舉,02,2014-11-29,高雄市,03,楊秋興,M,1956,中國國民黨,450647,30.89,N,N,,,
2014,第 02 屆 直轄市新北市長選舉,直轄市新北市長選舉,02,2014-11-29,新北市,01,游錫?,M,1948,民主進步黨,934774,48.78,N,N,,,
2014,第 02 屆 直轄市新北市長選舉,直轄市新北市長選舉,02,2014-11-29,新北市,02,李進順,M,1960,無黨籍及未經政黨推薦,22207,1.16,N,N,,,
2014,第 02 屆 直轄市新北市長選舉,直轄市新北市長選舉,02,2014-11-29,新北市,03,朱立倫,M,1961,中國國民黨,959302,50.06,Y,Y,,,
2014,第 02屆 直轄市台中市長選舉,直轄市台中市長選舉,02,2014-11-29,臺中市,01,胡志強,M,1948,中國國民黨,637531,42.94,N,Y,,,
2014,第 02屆 直轄市台中市長選舉,直轄市台中市長選舉,02,2014-11-29,臺中市,02,林佳龍,M,1964,民主進步黨,847284,57.06,Y,N,,,
2014,第 02 屆 直轄市台南市長選舉,直轄市台南市長選舉,02,2014-11-29,臺南市,01,賴清德,M,1959,民主進步黨,711557,72.9,Y,Y,,,
2014,第 02 屆 直轄市台南市長選舉,直轄市台南市長選舉,02,2014-11-29,臺南市,02,黃秀霜,F,1961,中國國民黨,264536,27.1,N,N,,,
2014,第 01 屆 直轄市桃園市長選舉,直轄市桃園市長選舉,01,2014-11-29,桃園市,01,鄭文燦,M,1967,民主進步黨,492414,51,Y,N,,,
2014,第 01 屆 直轄市桃園市長選舉,直轄市桃園市長選舉,01,2014-11-29,桃園市,02,吳志揚,M,1969,中國國民黨,463133,47.97,N,N,,,
2014,第 01 屆 直轄市桃園市長選舉,直轄市桃園市長選舉,01,2014-11-29,桃園市,03,許睿智,M,1938,無黨籍及未經政黨推薦,9943,1.03,N,N,,,
2018,第 07 屆 直轄市台北市長選舉,直轄市台北市長選舉,07,2018-11-24,台北市,01,吳?洋,M,1960,無黨籍及未經政黨推薦,5611,0.4,N,N,,,
2018,第 07 屆 直轄市台北市長選舉,直轄市台北市長選舉,07,2018-11-24,台北市,02,丁守中,M,1954,中國國民黨,577096,40.82,N,N,,,
2018,第 07 屆 直轄市台北市長選舉,直轄市台北市長選舉,07,2018-11-24,台北市,03,姚文智,M,1965,民主進步黨,244342,17.28,N,N,,,
2018,第 07 屆 直轄市台北市長選舉,直轄市台北市長選舉,07,2018-11-24,台北市,04,柯文哲,M,1959,無黨籍及未經政黨推薦,580663,41.07,Y,Y,,,
2018,第 07 屆 直轄市台北市長選舉,直轄市台北市長選舉,07,2018-11-24,台北市,05,李錫錕,M,1947,無黨籍及未經政黨推薦,6158,0.44,N,N,,,
2018,第 03 屆 直轄市高雄市長選舉,直轄市高雄市長選舉,03,2018-11-24,高雄市,01,韓國瑜,M,1957,中國國民黨,892545,53.86,Y,N,,,
2018,第 03 屆 直轄市高雄市長選舉,直轄市高雄市長選舉,03,2018-11-24,高雄市,02,陳其邁,M,1964,民主進步黨,742239,44.79,N,N,,,
2018,第 03 屆 直轄市高雄市長選舉,直轄市高雄市長選舉,03,2018-11-24,高雄市,03,璩美鳳,F,1966,無黨籍及未經政黨推薦,7998,0.48,N,N,,,
2018,第 03 屆 直轄市高雄市長選舉,直轄市高雄市長選舉,03,2018-11-24,高雄市,04,蘇盈貴,M,1958,無黨籍及未經政黨推薦,14125,0.85,N,N,,,
2018,第 03 屆 直轄市新北市長選舉,直轄市新北市長選舉,03,2018-11-24,新北市,01,蘇貞昌,M,1947,民主進步黨,873692,42.85,N,N,,,
2018,第 03 屆 直轄市新北市長選舉,直轄市新北市長選舉,03,2018-11-24,新北市,02,侯友宜,M,1957,中國國民黨,1165130,57.14,Y,N,,,
2018,第 03 屆 直轄市台中市長選舉,直轄市台中市長選舉,03,2018-11-24,臺中市,01,宋原通,M,1959,無黨籍及未經政黨推薦,15919,1.08,N,N,,,
2018,第 03 屆 直轄市台中市長選舉,直轄市台中市長選舉,03,2018-11-24,臺中市,02,林佳龍,M,1964,民主進步黨,619855,42.34,N,Y,,,
2018,第 03 屆 直轄市台中市長選舉,直轄市台中市長選舉,03,2018-11-24,臺中市,03,盧秀燕,F,1961,中國國民黨,827996,56.56,Y,N,,,
2018,第 03 屆 直轄市台南市長選舉,直轄市台南市長選舉,03,2018-11-24,臺南市,01,黃偉哲,M,1963,民主進步黨,367518,38.01,Y,N,,,
2018,第 03 屆 直轄市台南市長選舉,直轄市台南市長選舉,03,2018-11-24,臺南市,02,高思博,M,1968,中國國民黨,312874,32.36,N,N,,,
2018,第 03 屆 直轄市台南市長選舉,直轄市台南市長選舉,03,2018-11-24,臺南市,03,林義豐,M,1948,無黨籍及未經政黨推薦,84153,8.7,N,N,,,
2018,第 03 屆 直轄市台南市長選舉,直轄市台南市長選舉,03,2018-11-24,臺南市,04,許忠信,M,1965,無黨籍及未經政黨推薦,45168,4.67,N,N,,,
2018,第 03 屆 直轄市台南市長選舉,直轄市台南市長選舉,03,2018-11-24,臺南市,05,陳永和,M,1960,無黨籍及未經政黨推薦,117179,12.12,N,N,,,
2018,第 03 屆 直轄市台南市長選舉,直轄市台南市長選舉,03,2018-11-24,臺南市,06,蘇煥智,M,1956,無黨籍及未經政黨推薦,39778,4.11,N,N,,,
2018,第 02 屆 直轄市桃園市長選舉,直轄市桃園市長選舉,02,2018-11-24,桃園市,01,朱梅雪,M,1964,無黨籍及未經政黨推薦,18200,1.76,N,N,,,
2018,第 02 屆 直轄市桃園市長選舉,直轄市桃園市長選舉,02,2018-11-24,桃園市,02,陳學聖,M,1957,中國國民黨,407234,39.41,N,N,,,
2018,第 02 屆 直轄市桃園市長選舉,直轄市桃園市長選舉,02,2018-11-24,桃園市,03,楊麗環,F,1957,無黨籍及未經政黨推薦,51518,4.98,N,N,,,
2018,第 02 屆 直轄市桃園市長選舉,直轄市桃園市長選舉,02,2018-11-24,桃園市,04,吳富彤,M,1959,無黨籍及未經政黨推薦,3867,0.37,N,N,,,
2018,第 02 屆 直轄市桃園市長選舉,直轄市桃園市長選舉,02,2018-11-24,桃園市,05,鄭文燦,M,1967,民主進步黨,552330,53.46,Y,Y,,,
2022,第 08 屆 直轄市台北市長選舉,直轄市台北市長選舉,08,2022-11-26,台北市,01,張家豪,M,1985,台灣動物保護黨,2367,0.17,N,N,,,
2022,第 08 屆 直轄市台北市長選舉,直轄市台北市長選舉,08,2022-11-26,台北市,02,王文娟,F,1963,無黨籍及未經政黨推薦,451,0.03,N,N,,,
2022,第 08 屆 直轄市台北市長選舉,直轄市台北市長選舉,08,2022-11-26,台北市,03,鄭匡宇,M,1976,無黨籍及未經政黨推薦,386,0.03,N,N,,,
2022,第 08 屆 直轄市台北市長選舉,直轄市台北市長選舉,08,2022-11-26,台北市,04,黃聖峰,M,1979,台澎黨,256,0.02,N,N,,,
2022,第 08 屆 直轄市台北市長選舉,直轄市台北市長選舉,08,2022-11-26,台北市,05,童文薰,F,1965,無黨籍及未經政黨推薦,2425,0.18,N,N,,,
2022,第 08 屆 直轄市台北市長選舉,直轄市台北市長選舉,08,2022-11-26,台北市,06,蔣萬安,M,1978,中國國民黨,575590,42.29,Y,N,,,
2022,第 08 屆 直轄市台北市長選舉,直轄市台北市長選舉,08,2022-11-26,台北市,07,蘇煥智,M,1956,台灣維新,1851,0.14,N,N,,,
2022,第 08 屆 直轄市台北市長選舉,直轄市台北市長選舉,08,2022-11-26,台北市,08,黃珊珊,F,1969,無黨籍及未經政黨推薦,342141,25.14,N,N,,,
2022,第 08 屆 直轄市台北市長選舉,直轄市台北市長選舉,08,2022-11-26,台北市,09,施奉先,M,1958,無黨籍及未經政黨推薦,383,0.03,N,N,,,
2022,第 08 屆 直轄市台北市長選舉,直轄市台北市長選舉,08,2022-11-26,台北市,10,唐新民,M,1950,共和黨,316,0.02,N,N,,,
2022,第 08 屆 直轄市台北市長選舉,直轄市台北市長選舉,08,2022-11-26,台北市,11,謝立康,M,1970,無黨籍及未經政黨推薦,227,0.02,N,N,,,
2022,第 08 屆 直轄市台北市長選舉,直轄市台北市長選舉,08,2022-11-26,台北市,12,陳時中,M,1952,民主進步黨,434558,31.93,N,N,,,
2022,第 04屆 直轄市高雄市長選舉,直轄市高雄市長選舉,04,2022-11-26,高雄市,01,鄭宇翔,M,1981,無黨籍及未經政黨推薦,8394,0.64,N,N,,,
2022,第 04屆 直轄市高雄市長選舉,直轄市高雄市長選舉,04,2022-11-26,高雄市,02,曾尹儷,F,1963,無黨籍及未經政黨推薦,14585,1.11,N,N,,,
2022,第 04屆 直轄市高雄市長選舉,直轄市高雄市長選舉,04,2022-11-26,高雄市,03,柯志恩,F,1962,中國國民黨,529607,40.16,N,N,,,
2022,第 04屆 直轄市高雄市長選舉,直轄市高雄市長選舉,04,2022-11-26,高雄市,04,陳其邁,M,1964,民主進步黨,766147,58.1,Y,Y,,,
2022,第 04屆 直轄市新北市長選舉,直轄市新北市長選舉,04,2022-11-26,新北市,01,林佳龍,M,1964,民主進步黨,693976,37.58,N,N,,,
2022,第 04屆 直轄市新北市長選舉,直轄市新北市長選舉,04,2022-11-26,新北市,02,侯友宜,M,1957,中國國民黨,1152555,62.42,Y,Y,,,
2022,第 04 屆 直轄市台中市長選舉,直轄市台中市長選舉,04,2022-11-26,臺中市,01,陳美妃,F,1971,無黨籍及未經政黨推薦,23140,1.72,N,N,,,
2022,第 04 屆 直轄市台中市長選舉,直轄市台中市長選舉,04,2022-11-26,臺中市,02,蔡其昌,M,1969,民主進步黨,524224,38.93,N,N,,,
2022,第 04 屆 直轄市台中市長選舉,直轄市台中市長選舉,04,2022-11-26,臺中市,03,盧秀燕,F,1961,中國國民黨,799107,59.35,Y,Y,,,
2022,第 04 屆 直轄市台南市長選舉,直轄市台南市長選舉,04,2022-11-26,臺南市,01,許忠信,M,1965,無黨籍及未經政黨推薦,38697,4.35,N,N,,,
2022,第 04 屆 直轄市台南市長選舉,直轄市台南市長選舉,04,2022-11-26,臺南市,02,林義豐,M,1948,無黨籍及未經政黨推薦,24606,2.77,N,N,,,
2022,第 04 屆 直轄市台南市長選舉,直轄市台南市長選舉,04,2022-11-26,臺南市,03,謝龍介,M,1961,中國國民黨,387731,43.63,N,N,,,
2022,第 04 屆 直轄市台南市長選舉,直轄市台南市長選舉,04,2022-11-26,臺南市,04,吳炳輝,M,1967,無黨籍及未經政黨推薦,3956,0.45,N,N,,,
2022,第 04 屆 直轄市台南市長選舉,直轄市台南市長選舉,04,2022-11-26,臺南市,05,黃偉哲,M,1963,民主進步黨,433684,48.8,Y,Y,,,
2022,第 03 屆 直轄市桃園市長選舉,直轄市桃園市長選舉,03,2022-11-26,桃園市,01,張善政,M,1954,中國國民黨,557572,52.02,Y,N,,,
2022,第 03 屆 直轄市桃園市長選舉,直轄市桃園市長選舉,03,2022-11-26,桃園市,02,賴香伶,F,1968,台灣民眾黨,54926,5.12,N,N,,,
2022,第 03 屆 直轄市桃園市長選舉,直轄市桃園市長選舉,03,2022-11-26,桃園市,03,鄭運鵬,M,1973,民主進步黨,428983,40.03,N,N,,,
2022,第 03 屆 直轄市桃園市長選舉,直轄市桃園市長選舉,03,2022-11-26,桃園市,04,鄭寶清,M,1955,無黨籍及未經政黨推薦,30282,2.83,N,N,,,
1993,第 12 屆 縣(市)長選舉,縣(市)長選舉,12,1993-11-27,臺北縣,01,石瓊文,M,1948,無黨籍及未經政黨推薦,7089,0.54,N,N,,,
1993,第 12 屆 縣(市)長選舉,縣(市)長選舉,12,1993-11-27,臺北縣,02,尤清,M,1942,民主進步黨,613236,46.38,Y,Y,,,
1993,第 12 屆 縣(市)長選舉,縣(市)長選舉,12,1993-11-27,臺北縣,03,李勝峰,M,1953,新黨,215789,16.32,N,N,,,
1993,第 12 屆 縣(市)長選舉,縣(市)長選舉,12,1993-11-27,臺北縣,04,蔡勝邦,M,1945,中國國民黨,475581,35.97,N,N,,,
1993,第 12 屆 縣(市)長選舉,縣(市)長選舉,12,1993-11-27,臺北縣,05,張馥堂,M,1943,無黨籍及未經政黨推薦,10433,0.79,N,N,,,
1993,第 12 屆 縣(市)長選舉,縣(市)長選舉,12,1993-11-27,宜蘭縣,01,張軍堂,M,1947,中國國民黨,82208,40.41,N,N,,,
1993,第 12 屆 縣(市)長選舉,縣(市)長選舉,12,1993-11-27,宜蘭縣,02,李秀綺,F,1951,無黨籍及未經政黨推薦,4282,2.1,N,N,,,
1993,第 12 屆 縣(市)長選舉,縣(市)長選舉,12,1993-11-27,宜蘭縣,03,游錫錕,M,1948,民主進步黨,116959,57.49,Y,Y,,,
1993,第 12 屆 縣(市)長選舉,縣(市)長選舉,12,1993-11-27,桃園縣,01,黃玉嬌,F,1919,無黨籍及未經政黨推薦,16102,2.67,N,N,,,
1993,第 12 屆 縣(市)長選舉,縣(市)長選舉,12,1993-11-27,桃園縣,02,黃木添,M,1936,無黨籍及未經政黨推薦,131088,21.74,N,N,,,
1993,第 12 屆 縣(市)長選舉,縣(市)長選舉,12,1993-11-27,桃園縣,03,張勝勛,M,1950,民主進步黨,218688,36.27,N,N,,,
1993,第 12 屆 縣(市)長選舉,縣(市)長選舉,12,1993-11-27,桃園縣,04,劉邦友,M,1942,中國國民黨,237070,39.32,Y,Y,,,
1993,第 12 屆 縣(市)長選舉,縣(市)長選舉,12,1993-11-27,新竹縣,01,周細滿,M,1947,無黨籍及未經政黨推薦,13099,6.71,N,N,,,
1993,第 12 屆 縣(市)長選舉,縣(市)長選舉,12,1993-11-27,新竹縣,02,范振宗,M,1942,民主進步黨,97688,50.04,Y,Y,,,
1993,第 12 屆 縣(市)長選舉,縣(市)長選舉,12,1993-11-27,新竹縣,03,鄭永金,M,1948,中國國民黨,84440,43.25,N,N,,,
1993,第 12 屆 縣(市)長選舉,縣(市)長選舉,12,1993-11-27,苗栗縣,01,張秋華,M,1936,中國國民黨,96288,33.58,N,Y,,,
1993,第 12 屆 縣(市)長選舉,縣(市)長選舉,12,1993-11-27,苗栗縣,02,何智輝,M,1950,無黨籍及未經政黨推薦,109676,38.25,Y,N,,,
1993,第 12 屆 縣(市)長選舉,縣(市)長選舉,12,1993-11-27,苗栗縣,03,黎明光,M,1943,無黨籍及未經政黨推薦,2088,0.73,N,N,,,
1993,第 12 屆 縣(市)長選舉,縣(市)長選舉,12,1993-11-27,苗栗縣,04,葉英秀,M,1935,無黨籍及未經政黨推薦,4469,1.56,N,N,,,
1993,第 12 屆 縣(市)長選舉,縣(市)長選舉,12,1993-11-27,苗栗縣,05,黃瑞明,M,1947,無黨籍及未經政黨推薦,1392,0.49,N,N,,,
1993,第 12 屆 縣(市)長選舉,縣(市)長選舉,12,1993-11-27,苗栗縣,06,傅文政,M,1941,民主進步黨,72828,25.4,N,N,,,
1993,第 12 屆 縣(市)長選舉,縣(市)長選舉,12,1993-11-27,臺中縣,01,楊嘉猷,M,1933,民主進步黨,247340,41.11,N,N,,,
1993,第 12 屆 縣(市)長選舉,縣(市)長選舉,12,1993-11-27,臺中縣,02,廖了以,M,1947,中國國民黨,354301,58.89,Y,Y,,,
1993,第 12 屆 縣(市)長選舉,縣(市)長選舉,12,1993-11-27,彰化縣,01,阮剛猛,M,1950,中國國民黨,298567,52.81,Y,N,,,
1993,第 12 屆 縣(市)長選舉,縣(市)長選舉,12,1993-11-27,彰化縣,02,洪英花,F,1957,無黨籍及未經政黨推薦,27957,4.94,N,N,,,
1993,第 12 屆 縣(市)長選舉,縣(市)長選舉,12,1993-11-27,彰化縣,03,白忠信,M,1950,無黨籍及未經政黨推薦,7984,1.41,N,N,,,
1993,第 12 屆 縣(市)長選舉,縣(市)長選舉,12,1993-11-27,彰化縣,04,周清玉,F,1943,民主進步黨,230904,40.84,N,Y,,,
1993,第 12 屆 縣(市)長選舉,縣(市)長選舉,12,1993-11-27,南投縣,01,林源朗,M,1939,中國國民黨,119384,49.54,Y,Y,,,
1993,第 12 屆 縣(市)長選舉,縣(市)長選舉,12,1993-11-27,南投縣,02,許榮淑,F,1939,民主進步黨,51762,21.48,N,N,,,
1993,第 12 屆 縣(市)長選舉,縣(市)長選舉,12,1993-11-27,南投縣,03,陳啟吉,M,1940,無黨籍及未經政黨推薦,69839,28.98,N,N,,,
1993,第 12 屆 縣(市)長選舉,縣(市)長選舉,12,1993-11-27,雲林縣,01,陳錫章,M,1933,中國國民黨,10654,3.48,N,N,,,
1993,第 12 屆 縣(市)長選舉,縣(市)長選舉,12,1993-11-27,雲林縣,02,蘇洪月嬌,F,1931,民主進步黨,143459,46.88,N,N,,,
1993,第 12 屆 縣(市)長選舉,縣(市)長選舉,12,1993-11-27,雲林縣,03,廖泉裕,M,1938,中國國民黨,151897,49.64,Y,Y,,,
1993,第 12 屆 縣(市)長選舉,縣(市)長選舉,12,1993-11-27,嘉義縣,01,何嘉榮,M,1944,民主進步黨,91034,32.04,N,N,,,
1993,第 12 屆 縣(市)長選舉,縣(市)長選舉,12,1993-11-27,嘉義縣,02,李雅景,M,1948,中國國民黨,103991,36.6,Y,N,,,
1993,第 12 屆 縣(市)長選舉,縣(市)長選舉,12,1993-11-27,嘉義縣,03,黃福卿,M,1937,無黨籍及未經政黨推薦,1174,0.41,N,N,,,
1993,第 12 屆 縣(市)長選舉,縣(市)長選舉,12,1993-11-27,嘉義縣,04,陳適庸,M,1948,中國國民黨,84651,29.79,N,Y,,,
1993,第 12 屆 縣(市)長選舉,縣(市)長選舉,12,1993-11-27,嘉義縣,05,黃輝鍠,M,1935,民主進步黨,3266,1.15,N,N,,,
1993,第 12 屆 縣(市)長選舉,縣(市)長選舉,12,1993-11-27,臺南縣,01,黃秀孟,F,1943,中國國民黨,218509,42.85,N,N,,,
1993,第 12 屆 縣(市)長選舉,縣(市)長選舉,12,1993-11-27,臺南縣,02,黃丁全,M,1948,無黨籍及未經政黨推薦,16097,3.16,N,N,,,
1993,第 12 屆 縣(市)長選舉,縣(市)長選舉,12,1993-11-27,臺南縣,03,陳唐山,M,1935,民主進步黨,275317,53.99,Y,N,,,
1993,第 12 屆 縣(市)長選舉,縣(市)長選舉,12,1993-11-27,高雄縣,01,蘇秋鎮,M,1935,無黨籍及未經政黨推薦,4211,0.77,N,N,,,
1993,第 12 屆 縣(市)長選舉,縣(市)長選舉,12,1993-11-27,高雄縣,02,余政憲,M,1959,民主進步黨,281542,51.31,Y,N,,,
1993,第 12 屆 縣(市)長選舉,縣(市)長選舉,12,1993-11-27,高雄縣,03,鄭德耀,M,1951,無黨籍及未經政黨推薦,4468,0.81,N,N,,,
1993,第 12 屆 縣(市)長選舉,縣(市)長選舉,12,1993-11-27,高雄縣,04,黃八野,M,1943,中國國民黨,258456,47.11,N,N,,,
1993,第 12 屆 縣(市)長選舉,縣(市)長選舉,12,1993-11-27,屏東縣,01,伍澤元,M,1945,中國國民黨,226792,50.93,Y,N,,,
1993,第 12 屆 縣(市)長選舉,縣(市)長選舉,12,1993-11-27,屏東縣,02,張文安,M,1937,無黨籍及未經政黨推薦,707,0.16,N,N,,,
1993,第 12 屆 縣(市)長選舉,縣(市)長選舉,12,1993-11-27,屏東縣,03,李景雯,M,1947,無黨籍及未經政黨推薦,3340,0.75,N,N,,,
1993,第 12 屆 縣(市)長選舉,縣(市)長選舉,12,1993-11-27,屏東縣,04,蘇貞昌,M,1947,民主進步黨,214495,48.16,N,Y,,,
1993,第 12 屆 縣(市)長選舉,縣(市)長選舉,12,1993-11-27,臺東縣,01,陳益南,M,1937,無黨籍及未經政黨推薦,30385,30.79,N,N,,,
1993,第 12 屆 縣(市)長選舉,縣(市)長選舉,12,1993-11-27,臺東縣,02,唐明超,M,1932,無黨籍及未經政黨推薦,629,0.64,N,N,,,
1993,第 12 屆 縣(市)長選舉,縣(市)長選舉,12,1993-11-27,臺東縣,03,陳建年,M,1947,中國國民黨,67674,68.57,Y,N,,,
1993,第 12 屆 縣(市)長選舉,縣(市)長選舉,12,1993-11-27,花蓮縣,01,陳永興,M,1950,民主進步黨,45366,30.68,N,N,,,
1993,第 12 屆 縣(市)長選舉,縣(市)長選舉,12,1993-11-27,花蓮縣,02,林榮輝,M,1947,無黨籍及未經政黨推薦,13315,9.01,N,N,,,
1993,第 12 屆 縣(市)長選舉,縣(市)長選舉,12,1993-11-27,花蓮縣,03,王慶豐,M,1933,中國國民黨,89171,60.31,Y,N,,,
1993,第 12 屆 縣(市)長選舉,縣(市)長選舉,12,1993-11-27,澎湖縣,01,郭天佑,M,1950,中國國民黨,18493,42.44,N,N,,,
1993,第 12 屆 縣(市)長選舉,縣(市)長選舉,12,1993-11-27,澎湖縣,02,高植澎,M,1954,民主進步黨,25085,57.56,Y,Y,,,
1993,第 12 屆 縣(市)長選舉,縣(市)長選舉,12,1993-11-27,基隆市,01,林水木,M,1937,中國國民黨,92786,54.66,Y,N,,,
1993,第 12 屆 縣(市)長選舉,縣(市)長選舉,12,1993-11-27,基隆市,02,王拓,M,1943,民主進步黨,76967,45.34,N,N,,,
1993,第 12 屆 縣(市)長選舉,縣(市)長選舉,12,1993-11-27,新竹市,01,童勝男,M,1943,中國國民黨,82883,55.13,Y,N,,,
1993,第 12 屆 縣(市)長選舉,縣(市)長選舉,12,1993-11-27,新竹市,02,吳秋穀,M,1950,民主進步黨,40407,26.88,N,N,,,
1993,第 12 屆 縣(市)長選舉,縣(市)長選舉,12,1993-11-27,新竹市,03,謝啟大,F,1948,新黨,15125,10.06,N,N,,,
1993,第 12 屆 縣(市)長選舉,縣(市)長選舉,12,1993-11-27,新竹市,04,任富勇,M,1941,無黨籍及未經政黨推薦,11919,7.93,N,N,,,
1993,第 12 屆 縣(市)長選舉,縣(市)長選舉,12,1993-11-27,臺中市,01,林俊義,M,1937,民主進步黨,138289,41.87,N,N,,,
1993,第 12 屆 縣(市)長選舉,縣(市)長選舉,12,1993-11-27,臺中市,02,林柏榕,M,1935,中國國民黨,191988,58.13,Y,Y,,,
1993,第 12 屆 縣(市)長選舉,縣(市)長選舉,12,1993-11-27,嘉義市,01,張文英,F,1938,無黨籍及未經政黨推薦,60111,56.39,Y,Y,,,
1993,第 12 屆 縣(市)長選舉,縣(市)長選舉,12,1993-11-27,嘉義市,02,江義雄,M,1944,中國國民黨,46067,43.22,N,N,,,
1993,第 12 屆 縣(市)長選舉,縣(市)長選舉,12,1993-11-27,嘉義市,03,郭健權,M,1941,無黨籍及未經政黨推薦,421,0.39,N,N,,,
1993,第 12 屆 縣(市)長選舉,縣(市)長選舉,12,1993-11-27,臺南市,01,蔡介雄,M,1939,民主進步黨,105673,30.28,N,N,,,
1993,第 12 屆 縣(市)長選舉,縣(市)長選舉,12,1993-11-27,臺南市,02,陳源奇,M,1940,無黨籍及未經政黨推薦,1250,0.36,N,N,,,
1993,第 12 屆 縣(市)長選舉,縣(市)長選舉,12,1993-11-27,臺南市,03,林南生,M,1951,無黨籍及未經政黨推薦,55153,15.8,N,N,,,
1993,第 12 屆 縣(市)長選舉,縣(市)長選舉,12,1993-11-27,臺南市,04,郭倍宏,M,1955,無黨籍及未經政黨推薦,25925,7.43,N,N,,,
1993,第 12 屆 縣(市)長選舉,縣(市)長選舉,12,1993-11-27,臺南市,05,施治明,M,1952,中國國民黨,161017,46.13,Y,Y,,,
1993,第 12 屆 縣(市)長選舉,縣(市)長選舉,12,1993-11-27,金門縣,01,李炷烽,M,1953,中國國民黨,7977,39.19,N,N,,,
1993,第 12 屆 縣(市)長選舉,縣(市)長選舉,12,1993-11-27,金門縣,02,陳永財,M,1938,中國國民黨,2692,13.23,N,N,,,
1993,第 12 屆 縣(市)長選舉,縣(市)長選舉,12,1993-11-27,金門縣,03,陳水在,M,1948,中國國民黨,9685,47.58,Y,Y,,,
1993,第 12 屆 縣(市)長選舉,縣(市)長選舉,12,1993-11-27,連江縣,01,曹常順,M,1943,中國國民黨,2001,100,Y,Y,,,
1997,第 13 屆 縣(市)長選舉,縣(市)長選舉,13,1997-11-29,臺北縣,01,謝深山,M,1939,中國國民黨,543516,38.67,N,N,,,
1997,第 13 屆 縣(市)長選舉,縣(市)長選舉,13,1997-11-29,臺北縣,02,周荃,F,1956,無黨籍及未經政黨推薦,32373,2.3,N,N,,,
1997,第 13 屆 縣(市)長選舉,縣(市)長選舉,13,1997-11-29,臺北縣,03,楊泰順,M,1953,新黨,32902,2.34,N,N,,,
1997,第 13 屆 縣(市)長選舉,縣(市)長選舉,13,1997-11-29,臺北縣,04,林志嘉,M,1957,無黨籍及未經政黨推薦,154590,11,N,N,,,
1997,第 13 屆 縣(市)長選舉,縣(市)長選舉,13,1997-11-29,臺北縣,05,蘇貞昌,M,1947,民主進步黨,571658,40.67,Y,N,,,
1997,第 13 屆 縣(市)長選舉,縣(市)長選舉,13,1997-11-29,臺北縣,06,廖學廣,M,1954,無黨籍及未經政黨推薦,70619,5.02,N,N,,,
1997,第 13 屆 縣(市)長選舉,縣(市)長選舉,13,1997-11-29,宜蘭縣,01,廖風德,M,1951,中國國民黨,104744,46.17,N,N,,,
1997,第 13 屆 縣(市)長選舉,縣(市)長選舉,13,1997-11-29,宜蘭縣,02,劉守成,M,1951,民主進步黨,122114,53.83,Y,N,,,
1997,第 13 屆 縣(市)長選舉,縣(市)長選舉,13,1997-11-29,桃園縣,01,呂秀蓮,F,1944,民主進步黨,375500,56.2,Y,Y,,,
1997,第 13 屆 縣(市)長選舉,縣(市)長選舉,13,1997-11-29,桃園縣,02,陳根德,M,1955,中國國民黨,286993,42.96,N,N,,,
1997,第 13 屆 縣(市)長選舉,縣(市)長選舉,13,1997-11-29,桃園縣,03,徐運德,M,1930,社會改革黨,5619,0.84,N,N,,,
1997,第 13 屆 縣(市)長選舉,縣(市)長選舉,13,1997-11-29,新竹縣,01,徐能安,M,1944,無黨籍及未經政黨推薦,1424,0.73,N,N,,,
1997,第 13 屆 縣(市)長選舉,縣(市)長選舉,13,1997-11-29,新竹縣,02,邱鏡淳,M,1949,無黨籍及未經政黨推薦,59393,30.26,N,N,,,
1997,第 13 屆 縣(市)長選舉,縣(市)長選舉,13,1997-11-29,新竹縣,03,鄭永金,M,1949,中國國民黨,64551,32.89,N,N,,,
1997,第 13 屆 縣(市)長選舉,縣(市)長選舉,13,1997-11-29,新竹縣,04,林光華,M,1944,民主進步黨,70879,36.12,Y,N,,,
1997,第 13 屆 縣(市)長選舉,縣(市)長選舉,13,1997-11-29,苗栗縣,01,傅學鵬,M,1949,無黨籍及未經政黨推薦,153528,54.8,Y,N,,,
1997,第 13 屆 縣(市)長選舉,縣(市)長選舉,13,1997-11-29,苗栗縣,02,何智輝,M,1950,中國國民黨,99109,35.37,N,Y,,,
1997,第 13 屆 縣(市)長選舉,縣(市)長選舉,13,1997-11-29,苗栗縣,03,黃達業,M,1957,新黨,15871,5.66,N,N,,,
1997,第 13 屆 縣(市)長選舉,縣(市)長選舉,13,1997-11-29,苗栗縣,04,徐進榮,M,1945,民主進步黨,11678,4.17,N,N,,,
1997,第 13 屆 縣(市)長選舉,縣(市)長選舉,13,1997-11-29,臺中縣,01,錢文南,M,1953,建國黨,5950,1,N,N,,,
1997,第 13 屆 縣(市)長選舉,縣(市)長選舉,13,1997-11-29,臺中縣,02,陳欽隆,M,1956,無黨籍及未經政黨推薦,10804,1.82,N,N,,,
1997,第 13 屆 縣(市)長選舉,縣(市)長選舉,13,1997-11-29,臺中縣,03,郭榮振,M,1949,中國國民黨,173667,29.26,N,N,,,
1997,第 13 屆 縣(市)長選舉,縣(市)長選舉,13,1997-11-29,臺中縣,04,徐中雄,M,1957,中國國民黨,144427,24.33,N,N,,,
1997,第 13 屆 縣(市)長選舉,縣(市)長選舉,13,1997-11-29,臺中縣,05,劉銓忠,M,1942,無黨籍及未經政黨推薦,35533,5.99,N,N,,,
1997,第 13 屆 縣(市)長選舉,縣(市)長選舉,13,1997-11-29,臺中縣,06,廖永來,M,1956,民主進步黨,223222,37.6,Y,N,,,
1997,第 13 屆 縣(市)長選舉,縣(市)長選舉,13,1997-11-29,彰化縣,01,張榮昌,M,1953,無黨籍及未經政黨推薦,10443,1.78,N,N,,,
1997,第 13 屆 縣(市)長選舉,縣(市)長選舉,13,1997-11-29,彰化縣,02,阮剛猛,M,1950,中國國民黨,290335,49.56,Y,Y,,,
1997,第 13 屆 縣(市)長選舉,縣(市)長選舉,13,1997-11-29,彰化縣,03,翁金珠,F,1947,民主進步黨,285058,48.66,N,N,,,
1997,第 13 屆 縣(市)長選舉,縣(市)長選舉,13,1997-11-29,南投縣,01,林宗男,M,1942,民主進步黨,76689,30.8,N,N,,,
1997,第 13 屆 縣(市)長選舉,縣(市)長選舉,13,1997-11-29,南投縣,02,許惠祐,M,1952,中國國民黨,74966,30.11,N,N,,,
1997,第 13 屆 縣(市)長選舉,縣(市)長選舉,13,1997-11-29,南投縣,03,彭百顯,M,1949,無黨籍及未經政黨推薦,78690,31.61,Y,N,,,
1997,第 13 屆 縣(市)長選舉,縣(市)長選舉,13,1997-11-29,南投縣,04,陳振盛,M,1950,新黨,18066,7.26,N,N,,,
1997,第 13 屆 縣(市)長選舉,縣(市)長選舉,13,1997-11-29,南投縣,05,吳清江,M,1936,無黨籍及未經政黨推薦,559,0.22,N,N,,,
1997,第 13 屆 縣(市)長選舉,縣(市)長選舉,13,1997-11-29,雲林縣,01,蘇文雄,M,1943,中國國民黨,125376,34.93,Y,N,,,
1997,第 13 屆 縣(市)長選舉,縣(市)長選舉,13,1997-11-29,雲林縣,02,歐明憲,M,1947,無黨籍及未經政黨推薦,6882,1.92,N,N,,,
1997,第 13 屆 縣(市)長選舉,縣(市)長選舉,13,1997-11-29,雲林縣,03,張榮味,M,1957,無黨籍及未經政黨推薦,122166,34.04,N,N,,,
1997,第 13 屆 縣(市)長選舉,縣(市)長選舉,13,1997-11-29,雲林縣,04,廖大林,M,1936,民主進步黨,104499,29.11,N,N,,,
1997,第 13 屆 縣(市)長選舉,縣(市)長選舉,13,1997-11-29,嘉義縣,01,李雅景,M,1949,中國國民黨,136161,53.26,Y,Y,,,
1997,第 13 屆 縣(市)長選舉,縣(市)長選舉,13,1997-11-29,嘉義縣,02,何嘉榮,M,1944,民主進步黨,119499,46.74,N,N,,,
1997,第 13 屆 縣(市)長選舉,縣(市)長選舉,13,1997-11-29,臺南縣,01,陳唐山,M,1935,民主進步黨,328641,65.73,Y,Y,,,
1997,第 13 屆 縣(市)長選舉,縣(市)長選舉,13,1997-11-29,臺南縣,02,洪玉欽,M,1942,中國國民黨,171357,34.27,N,N,,,
1997,第 13 屆 縣(市)長選舉,縣(市)長選舉,13,1997-11-29,高雄縣,01,鄭德耀,M,1951,無黨籍及未經政黨推薦,10575,2.01,N,N,,,
1997,第 13 屆 縣(市)長選舉,縣(市)長選舉,13,1997-11-29,高雄縣,02,余政憲,M,1959,民主進步黨,271989,51.74,Y,Y,,,
1997,第 13 屆 縣(市)長選舉,縣(市)長選舉,13,1997-11-29,高雄縣,03,黃鴻都,M,1961,中國國民黨,234960,44.69,N,N,,,
1997,第 13 屆 縣(市)長選舉,縣(市)長選舉,13,1997-11-29,高雄縣,04,林景元,M,1925,無黨籍及未經政黨推薦,8201,1.56,N,N,,,
1997,第 13 屆 縣(市)長選舉,縣(市)長選舉,13,1997-11-29,屏東縣,01,蘇嘉全,M,1956,民主進步黨,227506,55.42,Y,N,,,
1997,第 13 屆 縣(市)長選舉,縣(市)長選舉,13,1997-11-29,屏東縣,02,李景雯,M,1929,無黨籍及未經政黨推薦,12867,3.13,N,N,,,
1997,第 13 屆 縣(市)長選舉,縣(市)長選舉,13,1997-11-29,屏東縣,03,曾永權,M,1947,中國國民黨,170154,41.45,N,N,,,
1997,第 13 屆 縣(市)長選舉,縣(市)長選舉,13,1997-11-29,臺東縣,01,徐慶元,M,1957,無黨籍及未經政黨推薦,47340,46.63,N,N,,,
1997,第 13 屆 縣(市)長選舉,縣(市)長選舉,13,1997-11-29,臺東縣,02,陳建年,M,1946,中國國民黨,48365,47.64,Y,Y,,,
1997,第 13 屆 縣(市)長選舉,縣(市)長選舉,13,1997-11-29,臺東縣,03,黃昭輝,M,1946,民主進步黨,5818,5.73,N,N,,,
1997,第 13 屆 縣(市)長選舉,縣(市)長選舉,13,1997-11-29,花蓮縣,01,王慶豐,M,1933,中國國民黨,72456,56.76,Y,Y,,,
1997,第 13 屆 縣(市)長選舉,縣(市)長選舉,13,1997-11-29,花蓮縣,02,游盈隆,M,1957,民主進步黨,55194,43.24,N,N,,,
1997,第 13 屆 縣(市)長選舉,縣(市)長選舉,13,1997-11-29,澎湖縣,01,賴峰偉,M,1952,中國國民黨,20946,57.53,Y,N,,,
1997,第 13 屆 縣(市)長選舉,縣(市)長選舉,13,1997-11-29,澎湖縣,02,許丕龍,M,1939,民主進步黨,15461,42.47,N,N,,,
1997,第 13 屆 縣(市)長選舉,縣(市)長選舉,13,1997-11-29,基隆市,01,李進勇,M,1950,民主進步黨,73398,42.75,Y,N,,,
1997,第 13 屆 縣(市)長選舉,縣(市)長選舉,13,1997-11-29,基隆市,02,劉文雄,M,1954,中國國民黨,65176,37.97,N,N,,,
1997,第 13 屆 縣(市)長選舉,縣(市)長選舉,13,1997-11-29,基隆市,03,許財利,M,1947,無黨籍及未經政黨推薦,33099,19.28,N,N,,,
1997,第 13 屆 縣(市)長選舉,縣(市)長選舉,13,1997-11-29,新竹市,01,林志成,M,1961,中國國民黨,62017,42.79,N,N,,,
1997,第 13 屆 縣(市)長選舉,縣(市)長選舉,13,1997-11-29,新竹市,02,蔡仁堅,M,1951,民主進步黨,81328,56.11,Y,N,,,
1997,第 13 屆 縣(市)長選舉,縣(市)長選舉,13,1997-11-29,新竹市,03,王少泉,M,1942,無黨籍及未經政黨推薦,1593,1.1,N,N,,,
1997,第 13 屆 縣(市)長選舉,縣(市)長選舉,13,1997-11-29,臺中市,01,張溫鷹,F,1950,民主進步黨,179461,49.57,Y,N,,,
1997,第 13 屆 縣(市)長選舉,縣(市)長選舉,13,1997-11-29,臺中市,02,鄭邦鎮,M,1947,建國黨,6622,1.83,N,N,,,
1997,第 13 屆 縣(市)長選舉,縣(市)長選舉,13,1997-11-29,臺中市,03,洪昭男,M,1943,中國國民黨,149438,41.28,N,N,,,
1997,第 13 屆 縣(市)長選舉,縣(市)長選舉,13,1997-11-29,臺中市,04,宋艾克,M,1953,新黨,26515,7.32,N,N,,,
1997,第 13 屆 縣(市)長選舉,縣(市)長選舉,13,1997-11-29,嘉義市,01,江義雄,M,1944,中國國民黨,49551,42.52,N,N,,,
1997,第 13 屆 縣(市)長選舉,縣(市)長選舉,13,1997-11-29,嘉義市,02,蔡鴻章,M,1959,民主進步黨,6350,5.45,N,N,,,
1997,第 13 屆 縣(市)長選舉,縣(市)長選舉,13,1997-11-29,嘉義市,03,張博雅,F,1942,無黨籍及未經政黨推薦,58544,50.23,Y,N,,,
1997,第 13 屆 縣(市)長選舉,縣(市)長選舉,13,1997-11-29,嘉義市,04,臧汀生,M,1950,建國黨,2103,1.8,N,N,,,
1997,第 13 屆 縣(市)長選舉,縣(市)長選舉,13,1997-11-29,臺南市,01,方金海,M,1955,無黨籍及未經政黨推薦,4699,1.45,N,N,,,
1997,第 13 屆 縣(市)長選舉,縣(市)長選舉,13,1997-11-29,臺南市,02,許添財,M,1951,無黨籍及未經政黨推薦,64228,19.77,N,N,,,
1997,第 13 屆 縣(市)長選舉,縣(市)長選舉,13,1997-11-29,臺南市,03,高家俊,M,1949,新黨,4737,1.46,N,N,,,
1997,第 13 屆 縣(市)長選舉,縣(市)長選舉,13,1997-11-29,臺南市,04,林南生,M,1952,中國國民黨,68124,20.97,N,N,,,
1997,第 13 屆 縣(市)長選舉,縣(市)長選舉,13,1997-11-29,臺南市,05,陳榮盛,M,1946,中國國民黨,57854,17.81,N,N,,,
1997,第 13 屆 縣(市)長選舉,縣(市)長選舉,13,1997-11-29,臺南市,06,林壽宏,M,1940,無黨籍及未經政黨推薦,9097,2.8,N,N,,,
1997,第 13 屆 縣(市)長選舉,縣(市)長選舉,13,1997-11-29,臺南市,07,張燦鍙,M,1936,民主進步黨,116145,35.75,Y,N,,,
1997,第 13 屆 縣(市)長選舉,縣(市)長選舉,13,1997-11-29,金門縣,01,陳水在,M,1948,中國國民黨,13146,58.61,Y,Y,,,
1997,第 13 屆 縣(市)長選舉,縣(市)長選舉,13,1997-11-29,金門縣,02,李炷烽,M,1953,新黨,9285,41.39,N,N,,,
1997,第 13 屆 縣(市)長選舉,縣(市)長選舉,13,1997-11-29,連江縣,01,劉立群,M,1951,中國國民黨,2246,61,Y,N,,,
1997,第 13 屆 縣(市)長選舉,縣(市)長選舉,13,1997-11-29,連江縣,02,曹原彰,M,1948,新黨,1436,39,N,N,,,
2001,第 14 屆 縣(市)長選舉,縣(市)長選舉,14,2001-12-01,臺北縣,01,王建火宣,M,1938,新黨,820808,48.16,N,N,,,
2001,第 14 屆 縣(市)長選舉,縣(市)長選舉,14,2001-12-01,臺北縣,02,邵建興,M,1959,無黨籍及未經政黨推薦,3972,0.23,N,N,,,
2001,第 14 屆 縣(市)長選舉,縣(市)長選舉,14,2001-12-01,臺北縣,03,石翊靖,M,1950,無黨籍及未經政黨推薦,4913,0.29,N,N,,,
2001,第 14 屆 縣(市)長選舉,縣(市)長選舉,14,2001-12-01,臺北縣,04,蘇貞昌,M,1947,民主進步黨,874495,51.31,Y,Y,,,
2001,第 14 屆 縣(市)長選舉,縣(市)長選舉,14,2001-12-01,宜蘭縣,01,朱振東,M,1952,無黨籍及未經政黨推薦,1885,0.9,N,N,,,
2001,第 14 屆 縣(市)長選舉,縣(市)長選舉,14,2001-12-01,宜蘭縣,02,劉守成,M,1951,民主進步黨,106313,50.88,Y,Y,,,
2001,第 14 屆 縣(市)長選舉,縣(市)長選舉,14,2001-12-01,宜蘭縣,03,林錦坤,M,1964,無黨籍及未經政黨推薦,2178,1.04,N,N,,,
2001,第 14 屆 縣(市)長選舉,縣(市)長選舉,14,2001-12-01,宜蘭縣,04,呂國華,M,1956,中國國民黨,98574,47.18,N,N,,,
2001,第 14 屆 縣(市)長選舉,縣(市)長選舉,14,2001-12-01,桃園縣,01,彭紹瑾,M,1956,民主進步黨,353568,44.2,N,N,,,
2001,第 14 屆 縣(市)長選舉,縣(市)長選舉,14,2001-12-01,桃園縣,02,朱立倫,M,1960,中國國民黨,441827,55.24,Y,N,,,
2001,第 14 屆 縣(市)長選舉,縣(市)長選舉,14,2001-12-01,桃園縣,03,莊志忠,M,1935,無黨籍及未經政黨推薦,4509,0.56,N,N,,,
2001,第 14 屆 縣(市)長選舉,縣(市)長選舉,14,2001-12-01,新竹縣,01,林光華,M,1944,民主進步黨,97420,46.39,N,Y,,,
2001,第 14 屆 縣(市)長選舉,縣(市)長選舉,14,2001-12-01,新竹縣,02,鄭永金,M,1949,中國國民黨,112595,53.61,Y,N,,,
2001,第 14 屆 縣(市)長選舉,縣(市)長選舉,14,2001-12-01,苗栗縣,01,魏早炳,M,1941,民主進步黨,61742,23.55,N,N,,,
2001,第 14 屆 縣(市)長選舉,縣(市)長選舉,14,2001-12-01,苗栗縣,02,傅學鵬,M,1951,無黨籍及未經政黨推薦,135786,51.8,Y,Y,,,
2001,第 14 屆 縣(市)長選舉,縣(市)長選舉,14,2001-12-01,苗栗縣,03,李佳穆,M,1949,無黨籍及未經政黨推薦,2016,0.77,N,N,,,
2001,第 14 屆 縣(市)長選舉,縣(市)長選舉,14,2001-12-01,苗栗縣,04,徐享崑,M,1953,中國國民黨,62613,23.88,N,N,,,
2001,第 14 屆 縣(市)長選舉,縣(市)長選舉,14,2001-12-01,臺中縣,01,林敏霖,M,1948,無黨籍及未經政黨推薦,62369,9.49,N,N,,,
2001,第 14 屆 縣(市)長選舉,縣(市)長選舉,14,2001-12-01,臺中縣,02,黃仲生,M,2001,中國國民黨,325117,49.48,Y,N,,,
2001,第 14 屆 縣(市)長選舉,縣(市)長選舉,14,2001-12-01,臺中縣,03,廖永來,M,1955,民主進步黨,269548,41.02,N,Y,,,
2001,第 14 屆 縣(市)長選舉,縣(市)長選舉,14,2001-12-01,彰化縣,01,鄭秀珠,F,1969,親民黨,39056,6.37,N,N,,,
2001,第 14 屆 縣(市)長選舉,縣(市)長選舉,14,2001-12-01,彰化縣,02,葉金鳳,F,1943,中國國民黨,257504,41.99,N,N,,,
2001,第 14 屆 縣(市)長選舉,縣(市)長選舉,14,2001-12-01,彰化縣,03,翁金珠,F,1947,民主進步黨,301584,49.17,Y,N,,,
2001,第 14 屆 縣(市)長選舉,縣(市)長選舉,14,2001-12-01,彰化縣,04,洪參民,M,1945,無黨籍及未經政黨推薦,8219,1.34,N,N,,,
2001,第 14 屆 縣(市)長選舉,縣(市)長選舉,14,2001-12-01,彰化縣,05,陳婉貞,F,1949,無黨籍及未經政黨推薦,6934,1.13,N,N,,,
2001,第 14 屆 縣(市)長選舉,縣(市)長選舉,14,2001-12-01,南投縣,01,姜君佩,M,1955,無黨籍及未經政黨推薦,915,0.36,N,N,,,
2001,第 14 屆 縣(市)長選舉,縣(市)長選舉,14,2001-12-01,南投縣,02,張明雄,M,1943,中國國民黨,7475,2.91,N,N,,,
2001,第 14 屆 縣(市)長選舉,縣(市)長選舉,14,2001-12-01,南投縣,03,陳胘富,M,1943,無黨籍及未經政黨推薦,2500,0.97,N,N,,,
2001,第 14 屆 縣(市)長選舉,縣(市)長選舉,14,2001-12-01,南投縣,04,林宗男,M,1942,民主進步黨,94631,36.79,Y,N,,,
2001,第 14 屆 縣(市)長選舉,縣(市)長選舉,14,2001-12-01,南投縣,05,林明溱,M,1951,中國國民黨,48268,18.76,N,N,,,
2001,第 14 屆 縣(市)長選舉,縣(市)長選舉,14,2001-12-01,南投縣,06,陳振盛,M,1950,親民黨,63042,24.51,N,N,,,
2001,第 14 屆 縣(市)長選舉,縣(市)長選舉,14,2001-12-01,南投縣,07,彭百顯,M,1949,無黨籍及未經政黨推薦,40412,15.71,N,Y,,,
2001,第 14 屆 縣(市)長選舉,縣(市)長選舉,14,2001-12-01,雲林縣,01,張榮味,M,1957,中國國民黨,205500,61.53,Y,Y,,,
2001,第 14 屆 縣(市)長選舉,縣(市)長選舉,14,2001-12-01,雲林縣,02,林樹山,M,1958,民主進步黨,128475,38.47,N,N,,,
2001,第 14 屆 縣(市)長選舉,縣(市)長選舉,14,2001-12-01,嘉義縣,01,陳勝三,M,1940,無黨籍及未經政黨推薦,9454,3.58,N,N,,,
2001,第 14 屆 縣(市)長選舉,縣(市)長選舉,14,2001-12-01,嘉義縣,02,陳明文,M,1953,民主進步黨,124757,47.22,Y,N,,,
2001,第 14 屆 縣(市)長選舉,縣(市)長選舉,14,2001-12-01,嘉義縣,03,李明憲,M,1959,無黨籍及未經政黨推薦,11507,4.36,N,N,,,
2001,第 14 屆 縣(市)長選舉,縣(市)長選舉,14,2001-12-01,嘉義縣,04,蔡炳欽,M,1953,無黨籍及未經政黨推薦,1551,0.59,N,N,,,
2001,第 14 屆 縣(市)長選舉,縣(市)長選舉,14,2001-12-01,嘉義縣,05,翁重鈞,M,1955,中國國民黨,116908,44.25,N,N,,,
2001,第 14 屆 縣(市)長選舉,縣(市)長選舉,14,2001-12-01,臺南縣,01,吳清基,M,1951,中國國民黨,236670,44.47,N,N,,,
2001,第 14 屆 縣(市)長選舉,縣(市)長選舉,14,2001-12-01,臺南縣,02,蘇煥智,M,1956,民主進步黨,274086,51.5,Y,N,,,
2001,第 14 屆 縣(市)長選舉,縣(市)長選舉,14,2001-12-01,臺南縣,03,魏耀乾,M,1949,無黨籍及未經政黨推薦,21479,4.04,N,N,,,
2001,第 14 屆 縣(市)長選舉,縣(市)長選舉,14,2001-12-01,高雄縣,01,黃八野,M,1943,無黨籍及未經政黨推薦,91323,15.75,N,N,,,
2001,第 14 屆 縣(市)長選舉,縣(市)長選舉,14,2001-12-01,高雄縣,02,楊秋興,M,1955,民主進步黨,317763,54.8,Y,N,,,
2001,第 14 屆 縣(市)長選舉,縣(市)長選舉,14,2001-12-01,高雄縣,03,吳光訓,M,1950,中國國民黨,170787,29.45,N,N,,,
2001,第 14 屆 縣(市)長選舉,縣(市)長選舉,14,2001-12-01,屏東縣,01,李景雯,M,1930,無黨籍及未經政黨推薦,17525,4.05,N,N,,,
2001,第 14 屆 縣(市)長選舉,縣(市)長選舉,14,2001-12-01,屏東縣,02,王進士,M,1948,中國國民黨,175584,40.61,N,N,,,
2001,第 14 屆 縣(市)長選舉,縣(市)長選舉,14,2001-12-01,屏東縣,03,蘇嘉全,M,1955,民主進步黨,239284,55.34,Y,Y,,,
2001,第 14 屆 縣(市)長選舉,縣(市)長選舉,14,2001-12-01,臺東縣,01,彭權國,M,1963,無黨籍及未經政黨推薦,1467,1.47,N,N,,,
2001,第 14 屆 縣(市)長選舉,縣(市)長選舉,14,2001-12-01,臺東縣,02,徐慶元,M,1957,親民黨,44084,44.3,Y,N,,,
2001,第 14 屆 縣(市)長選舉,縣(市)長選舉,14,2001-12-01,臺東縣,03,吳俊立,M,1962,中國國民黨,36727,36.91,N,N,,,
2001,第 14 屆 縣(市)長選舉,縣(市)長選舉,14,2001-12-01,臺東縣,04,賴坤成,M,1963,民主進步黨,17237,17.32,N,N,,,
2001,第 14 屆 縣(市)長選舉,縣(市)長選舉,14,2001-12-01,花蓮縣,01,游盈隆,M,1955,民主進步黨,47596,31.37,N,N,,,
2001,第 14 屆 縣(市)長選舉,縣(市)長選舉,14,2001-12-01,花蓮縣,02,賴政雄,M,1943,親民黨,41752,27.52,N,N,,,
2001,第 14 屆 縣(市)長選舉,縣(市)長選舉,14,2001-12-01,花蓮縣,03,莊三修,M,1957,無黨籍及未經政黨推薦,1481,0.98,N,N,,,
2001,第 14 屆 縣(市)長選舉,縣(市)長選舉,14,2001-12-01,花蓮縣,04,齊淑英,F,1950,綠黨,1299,0.86,N,N,,,
2001,第 14 屆 縣(市)長選舉,縣(市)長選舉,14,2001-12-01,花蓮縣,05,張福興,F,1942,中國國民黨,59591,39.28,Y,N,,,
2001,第 14 屆 縣(市)長選舉,縣(市)長選舉,14,2001-12-01,澎湖縣,01,賴峰偉,M,1952,中國國民黨,22094,55.32,Y,N,,,
2001,第 14 屆 縣(市)長選舉,縣(市)長選舉,14,2001-12-01,澎湖縣,02,陳光復,M,1955,民主進步黨,14477,36.25,N,N,,,
2001,第 14 屆 縣(市)長選舉,縣(市)長選舉,14,2001-12-01,澎湖縣,03,許麗音,F,1948,無黨籍及未經政黨推薦,3364,8.42,N,N,,,
2001,第 14 屆 縣(市)長選舉,縣(市)長選舉,14,2001-12-01,基隆市,01,許財利,M,1947,中國國民黨,100070,58.09,Y,N,,,
2001,第 14 屆 縣(市)長選舉,縣(市)長選舉,14,2001-12-01,基隆市,02,李進勇,M,1950,民主進步黨,72212,41.91,N,N,,,
2001,第 14 屆 縣(市)長選舉,縣(市)長選舉,14,2001-12-01,新竹市,01,蔡仁堅,M,1951,民主進步黨,69165,42.77,N,N,,,
2001,第 14 屆 縣(市)長選舉,縣(市)長選舉,14,2001-12-01,新竹市,02,王少泉,M,1942,無黨籍及未經政黨推薦,801,0.5,N,N,,,
2001,第 14 屆 縣(市)長選舉,縣(市)長選舉,14,2001-12-01,新竹市,03,林政則,M,1944,中國國民黨,90580,56.01,Y,N,,,
2001,第 14 屆 縣(市)長選舉,縣(市)長選舉,14,2001-12-01,新竹市,04,黃中媄,M,1950,無黨籍及未經政黨推薦,1171,0.72,N,N,,,
2001,第 14 屆 縣(市)長選舉,縣(市)長選舉,14,2001-12-01,臺中市,01,張溫鷹,F,1949,無黨籍及未經政黨推薦,44341,10.18,N,N,,,
2001,第 14 屆 縣(市)長選舉,縣(市)長選舉,14,2001-12-01,臺中市,02,蔡明憲,M,1941,民主進步黨,177515,40.74,N,N,,,
2001,第 14 屆 縣(市)長選舉,縣(市)長選舉,14,2001-12-01,臺中市,03,胡志強,M,1948,中國國民黨,213866,49.08,Y,N,,,
2001,第 14 屆 縣(市)長選舉,縣(市)長選舉,14,2001-12-01,嘉義市,01,蕭裕珍,F,1956,無黨籍及未經政黨推薦,1601,1.34,N,N,,,
2001,第 14 屆 縣(市)長選舉,縣(市)長選舉,14,2001-12-01,嘉義市,02,黃正男,M,1941,民主進步黨,14439,12.04,N,N,,,
2001,第 14 屆 縣(市)長選舉,縣(市)長選舉,14,2001-12-01,嘉義市,03,張榮藏,M,1942,無黨籍及未經政黨推薦,8476,7.07,N,N,,,
2001,第 14 屆 縣(市)長選舉,縣(市)長選舉,14,2001-12-01,嘉義市,04,陳麗貞,F,1958,無黨籍及未經政黨推薦,53764,44.84,Y,N,,,
2001,第 14 屆 縣(市)長選舉,縣(市)長選舉,14,2001-12-01,嘉義市,05,江清馦,M,1943,中國國民黨,41614,34.71,N,N,,,
2001,第 14 屆 縣(市)長選舉,縣(市)長選舉,14,2001-12-01,臺南市,01,林易煌,M,1962,無黨籍及未經政黨推薦,6098,1.86,N,N,,,
2001,第 14 屆 縣(市)長選舉,縣(市)長選舉,14,2001-12-01,臺南市,02,張燦鍙,M,1936,無黨籍及未經政黨推薦,9520,2.9,N,N,,,
2001,第 14 屆 縣(市)長選舉,縣(市)長選舉,14,2001-12-01,臺南市,03,蘇南成,M,1936,無黨籍及未經政黨推薦,47133,14.36,N,N,,,
2001,第 14 屆 縣(市)長選舉,縣(市)長選舉,14,2001-12-01,臺南市,04,陳榮盛,M,1946,中國國民黨,122726,37.4,N,N,,,
2001,第 14 屆 縣(市)長選舉,縣(市)長選舉,14,2001-12-01,臺南市,05,陳源奇,M,1940,無黨籍及未經政黨推薦,804,0.25,N,N,,,
2001,第 14 屆 縣(市)長選舉,縣(市)長選舉,14,2001-12-01,臺南市,06,許添財,M,1951,民主進步黨,141840,43.23,Y,N,,,
2001,第 14 屆 縣(市)長選舉,縣(市)長選舉,14,2001-12-01,金門縣,01,翁天慶,M,1953,無黨籍及未經政黨推薦,300,1.19,N,N,,,
2001,第 14 屆 縣(市)長選舉,縣(市)長選舉,14,2001-12-01,金門縣,02,李炷烽,M,1953,新黨,14148,56.17,Y,N,,,
2001,第 14 屆 縣(市)長選舉,縣(市)長選舉,14,2001-12-01,金門縣,03,蔡是民,M,1947,親民黨,7224,28.68,N,N,,,
2001,第 14 屆 縣(市)長選舉,縣(市)長選舉,14,2001-12-01,金門縣,04,陳川青,M,1949,無黨籍及未經政黨推薦,448,1.78,N,N,,,
2001,第 14 屆 縣(市)長選舉,縣(市)長選舉,14,2001-12-01,金門縣,05,陳昭南,M,1943,民主進步黨,1562,6.2,N,N,,,
2001,第 14 屆 縣(市)長選舉,縣(市)長選舉,14,2001-12-01,金門縣,06,許金象,M,1954,中國國民黨,1508,5.99,N,N,,,
2001,第 14 屆 縣(市)長選舉,縣(市)長選舉,14,2001-12-01,連江縣,01,陳雪生,M,1951,親民黨,2549,55.8,Y,N,,,
2001,第 14 屆 縣(市)長選舉,縣(市)長選舉,14,2001-12-01,連江縣,02,劉立群,M,1951,中國國民黨,2019,44.2,N,N,,,
2005,第 15 屆 縣(市)長選舉,縣(市)長選舉,15,2005-12-03,臺北縣,01,黃福卿,M,1937,無黨籍及未經政黨推薦,5639,0.31,N,N,,,
2005,第 15 屆 縣(市)長選舉,縣(市)長選舉,15,2005-12-03,臺北縣,02,周錫瑋,M,1958,中國國民黨,988739,54.87,Y,N,,,
2005,第 15 屆 縣(市)長選舉,縣(市)長選舉,15,2005-12-03,臺北縣,03,陳誠鈞,M,1955,無黨籍及未經政黨推薦,2812,0.16,N,N,,,
2005,第 15 屆 縣(市)長選舉,縣(市)長選舉,15,2005-12-03,臺北縣,04,陳俊傑,M,1967,無黨籍及未經政黨推薦,4064,0.23,N,N,,,
2005,第 15 屆 縣(市)長選舉,縣(市)長選舉,15,2005-12-03,臺北縣,05,羅文嘉,M,1966,民主進步黨,798233,44.3,N,N,,,
2005,第 15 屆 縣(市)長選舉,縣(市)長選舉,15,2005-12-03,臺北縣,06,黃茂全,M,1973,無黨籍及未經政黨推薦,2585,0.14,N,N,,,
2005,第 15 屆 縣(市)長選舉,縣(市)長選舉,15,2005-12-03,宜蘭縣,01,陳定南,M,1943,民主進步黨,112853,47.75,N,N,,,
2005,第 15 屆 縣(市)長選舉,縣(市)長選舉,15,2005-12-03,宜蘭縣,02,謝李靜宜,F,1958,無黨籍及未經政黨推薦,2020,0.85,N,N,,,
2005,第 15 屆 縣(市)長選舉,縣(市)長選舉,15,2005-12-03,宜蘭縣,03,呂國華,M,1956,中國國民黨,121463,51.39,Y,N,,,
2005,第 15 屆 縣(市)長選舉,縣(市)長選舉,15,2005-12-03,桃園縣,01,朱立倫,M,1961,中國國民黨,488979,60.84,Y,Y,,,
2005,第 15 屆 縣(市)長選舉,縣(市)長選舉,15,2005-12-03,桃園縣,02,鄭寶清,M,1955,民主進步黨,307965,38.32,N,N,,,
2005,第 15 屆 縣(市)長選舉,縣(市)長選舉,15,2005-12-03,桃園縣,03,吳家登,M,1959,無黨籍及未經政黨推薦,6784,0.84,N,N,,,
2005,第 15 屆 縣(市)長選舉,縣(市)長選舉,15,2005-12-03,新竹縣,01,林光華,M,1945,民主進步黨,77037,32.91,N,N,,,
2005,第 15 屆 縣(市)長選舉,縣(市)長選舉,15,2005-12-03,新竹縣,02,鄭永金,M,1949,中國國民黨,157012,67.09,Y,Y,,,
2005,第 15 屆 縣(市)長選舉,縣(市)長選舉,15,2005-12-03,苗栗縣,01,顏培元,M,1951,無黨籍及未經政黨推薦,3061,1.09,N,N,,,
2005,第 15 屆 縣(市)長選舉,縣(市)長選舉,15,2005-12-03,苗栗縣,02,陳秀龍,M,1937,無黨籍及未經政黨推薦,9718,3.47,N,N,,,
2005,第 15 屆 縣(市)長選舉,縣(市)長選舉,15,2005-12-03,苗栗縣,03,劉政鴻,M,1947,中國國民黨,134277,47.91,Y,N,,,
2005,第 15 屆 縣(市)長選舉,縣(市)長選舉,15,2005-12-03,苗栗縣,04,邱炳坤,M,1950,民主進步黨,83694,29.86,N,N,,,
2005,第 15 屆 縣(市)長選舉,縣(市)長選舉,15,2005-12-03,苗栗縣,05,徐耀昌,M,1955,無黨籍及未經政黨推薦,47834,17.07,N,N,,,
2005,第 15 屆 縣(市)長選舉,縣(市)長選舉,15,2005-12-03,苗栗縣,06,江炳輝,M,1929,無黨籍及未經政黨推薦,1700,0.61,N,N,,,
2005,第 15 屆 縣(市)長選舉,縣(市)長選舉,15,2005-12-03,臺中縣,01,邱太三,M,1956,民主進步黨,275153,39.12,N,N,,,
2005,第 15 屆 縣(市)長選舉,縣(市)長選舉,15,2005-12-03,臺中縣,02,黃仲生,M,1942,中國國民黨,418144,59.45,Y,Y,,,
2005,第 15 屆 縣(市)長選舉,縣(市)長選舉,15,2005-12-03,臺中縣,03,林振昌,M,1967,無黨籍及未經政黨推薦,10104,1.44,N,N,,,
2005,第 15 屆 縣(市)長選舉,縣(市)長選舉,15,2005-12-03,彰化縣,01,翁金珠,F,1947,民主進步黨,270949,40.52,N,Y,,,
2005,第 15 屆 縣(市)長選舉,縣(市)長選舉,15,2005-12-03,彰化縣,02,卓伯源,M,1965,中國國民黨,370790,55.46,Y,N,,,
2005,第 15 屆 縣(市)長選舉,縣(市)長選舉,15,2005-12-03,彰化縣,03,陳進丁,M,1946,無黨籍及未經政黨推薦,26887,4.02,N,N,,,
2005,第 15 屆 縣(市)長選舉,縣(市)長選舉,15,2005-12-03,南投縣,01,林宗男,M,1942,無黨籍及未經政黨推薦,60793,22.08,N,Y,,,
2005,第 15 屆 縣(市)長選舉,縣(市)長選舉,15,2005-12-03,南投縣,02,林明溱,M,1951,無黨籍及未經政黨推薦,6271,2.28,N,N,,,
2005,第 15 屆 縣(市)長選舉,縣(市)長選舉,15,2005-12-03,南投縣,03,李朝卿,M,1950,中國國民黨,124777,45.32,Y,N,,,
2005,第 15 屆 縣(市)長選舉,縣(市)長選舉,15,2005-12-03,南投縣,04,蔡煌瑯,M,1960,民主進步黨,83503,30.33,N,N,,,
2005,第 15 屆 縣(市)長選舉,縣(市)長選舉,15,2005-12-03,雲林縣,01,林佳瑜,M,1959,無黨籍及未經政黨推薦,8125,2.16,N,N,,,
2005,第 15 屆 縣(市)長選舉,縣(市)長選舉,15,2005-12-03,雲林縣,02,蘇治芬,F,1953,民主進步黨,201192,53.37,Y,N,,,
2005,第 15 屆 縣(市)長選舉,縣(市)長選舉,15,2005-12-03,雲林縣,03,許舒博,M,1963,中國國民黨,167690,44.48,N,N,,,
2005,第 15 屆 縣(市)長選舉,縣(市)長選舉,15,2005-12-03,嘉義縣,01,陳明文,M,1954,民主進步黨,183476,62.69,Y,Y,,,
2005,第 15 屆 縣(市)長選舉,縣(市)長選舉,15,2005-12-03,嘉義縣,02,陳明振,M,1960,中國國民黨,109192,37.31,N,N,,,
2005,第 15 屆 縣(市)長選舉,縣(市)長選舉,15,2005-12-03,臺南縣,01,郭添財,M,1962,中國國民黨,250887,47.16,N,N,,,
2005,第 15 屆 縣(市)長選舉,縣(市)長選舉,15,2005-12-03,臺南縣,02,張博森,M,1948,無黨籍及未經政黨推薦,8232,1.55,N,N,,,
2005,第 15 屆 縣(市)長選舉,縣(市)長選舉,15,2005-12-03,臺南縣,03,蘇煥智,M,1956,民主進步黨,267583,50.3,Y,Y,,,
2005,第 15 屆 縣(市)長選舉,縣(市)長選舉,15,2005-12-03,臺南縣,04,蔡四結,M,1943,無黨籍及未經政黨推薦,5310,1,N,N,,,
2005,第 15 屆 縣(市)長選舉,縣(市)長選舉,15,2005-12-03,高雄縣,01,楊秋興,M,1956,民主進步黨,353232,59.14,Y,Y,,,
2005,第 15 屆 縣(市)長選舉,縣(市)長選舉,15,2005-12-03,高雄縣,02,林益世,M,1968,中國國民黨,244015,40.86,N,N,,,
2005,第 15 屆 縣(市)長選舉,縣(市)長選舉,15,2005-12-03,屏東縣,01,曹啟鴻,M,1948,民主進步黨,216200,46.19,Y,N,,,
2005,第 15 屆 縣(市)長選舉,縣(市)長選舉,15,2005-12-03,屏東縣,02,宋麗華,F,1968,無黨籍及未經政黨推薦,45257,9.67,N,N,,,
2005,第 15 屆 縣(市)長選舉,縣(市)長選舉,15,2005-12-03,屏東縣,03,王進士,M,1948,中國國民黨,195928,41.86,N,N,,,
2005,第 15 屆 縣(市)長選舉,縣(市)長選舉,15,2005-12-03,屏東縣,04,李景雯,M,1928,無黨籍及未經政黨推薦,10723,2.29,N,N,,,
2005,第 15 屆 縣(市)長選舉,縣(市)長選舉,15,2005-12-03,臺東縣,01,劉櫂豪,M,1967,無黨籍及未經政黨推薦,40173,38.23,N,N,,,
2005,第 15 屆 縣(市)長選舉,縣(市)長選舉,15,2005-12-03,臺東縣,02,吳俊立,M,1962,無黨籍及未經政黨推薦,62189,59.18,Y,N,,,
2005,第 15 屆 縣(市)長選舉,縣(市)長選舉,15,2005-12-03,臺東縣,03,彭權國,M,1963,無黨籍及未經政黨推薦,2718,2.59,N,N,,,
2005,第 15 屆 縣(市)長選舉,縣(市)長選舉,15,2005-12-03,花蓮縣,01,柯賜海,M,1956,無黨籍及未經政黨推薦,20113,12.89,N,N,,,
2005,第 15 屆 縣(市)長選舉,縣(市)長選舉,15,2005-12-03,花蓮縣,02,盧博基,M,1949,民主進步黨,30988,19.86,N,N,,,
2005,第 15 屆 縣(市)長選舉,縣(市)長選舉,15,2005-12-03,花蓮縣,03,謝深山,M,1939,中國國民黨,66575,42.66,Y,Y,,,
2005,第 15 屆 縣(市)長選舉,縣(市)長選舉,15,2005-12-03,花蓮縣,04,傅崑萁,M,1962,親民黨,38379,24.59,N,N,,,
2005,第 15 屆 縣(市)長選舉,縣(市)長選舉,15,2005-12-03,澎湖縣,01,陳光復,M,1955,民主進步黨,23964,48.16,N,N,,,
2005,第 15 屆 縣(市)長選舉,縣(市)長選舉,15,2005-12-03,澎湖縣,02,王乾發,M,1949,中國國民黨,25223,50.69,Y,N,,,
2005,第 15 屆 縣(市)長選舉,縣(市)長選舉,15,2005-12-03,澎湖縣,03,許敬民,M,1949,無黨籍及未經政黨推薦,572,1.15,N,N,,,
2005,第 15 屆 縣(市)長選舉,縣(市)長選舉,15,2005-12-03,基隆市,01,陳建銘,M,1961,台灣團結聯盟,58243,31.46,N,N,,,
2005,第 15 屆 縣(市)長選舉,縣(市)長選舉,15,2005-12-03,基隆市,02,許財利,M,1947,中國國民黨,76162,41.14,Y,Y,,,
2005,第 15 屆 縣(市)長選舉,縣(市)長選舉,15,2005-12-03,基隆市,03,劉文雄,M,1954,親民黨,47932,25.89,N,N,,,
2005,第 15 屆 縣(市)長選舉,縣(市)長選舉,15,2005-12-03,基隆市,04,王拓,M,1944,民主進步黨,2771,1.5,N,N,,,
2005,第 15 屆 縣(市)長選舉,縣(市)長選舉,15,2005-12-03,新竹市,01,鄭貴元,M,1952,民主進步黨,49777,30.73,N,N,,,
2005,第 15 屆 縣(市)長選舉,縣(市)長選舉,15,2005-12-03,新竹市,02,林政則,M,1944,中國國民黨,112221,69.27,Y,Y,,,
2005,第 15 屆 縣(市)長選舉,縣(市)長選舉,15,2005-12-03,臺中市,01,李貴富,F,1961,無黨籍及未經政黨推薦,1897,0.42,N,N,,,
2005,第 15 屆 縣(市)長選舉,縣(市)長選舉,15,2005-12-03,臺中市,02,沈智慧,F,1957,親民黨,10061,2.23,N,N,,,
2005,第 15 屆 縣(市)長選舉,縣(市)長選舉,15,2005-12-03,臺中市,03,林佳龍,M,1964,民主進步黨,175592,39,N,N,,,
2005,第 15 屆 縣(市)長選舉,縣(市)長選舉,15,2005-12-03,臺中市,04,胡志強,M,1948,中國國民黨,262667,58.34,Y,Y,,,
2005,第 15 屆 縣(市)長選舉,縣(市)長選舉,15,2005-12-03,嘉義市,01,陳麗貞,F,1958,民主進步黨,62122,45.37,N,Y,,,
2005,第 15 屆 縣(市)長選舉,縣(市)長選舉,15,2005-12-03,嘉義市,02,黃敏惠,F,1959,中國國民黨,74786,54.63,Y,N,,,
2005,第 15 屆 縣(市)長選舉,縣(市)長選舉,15,2005-12-03,臺南市,01,陳榮盛,M,1946,中國國民黨,134248,41.4,N,N,,,
2005,第 15 屆 縣(市)長選舉,縣(市)長選舉,15,2005-12-03,臺南市,02,錢林慧君,F,1947,台灣團結聯盟,42000,12.95,N,N,,,
2005,第 15 屆 縣(市)長選舉,縣(市)長選舉,15,2005-12-03,臺南市,03,許添財,M,1951,民主進步黨,148006,45.65,Y,Y,,,
2005,第 15 屆 縣(市)長選舉,縣(市)長選舉,15,2005-12-03,金門縣,01,陳福海,M,1963,無黨籍及未經政黨推薦,13940,43.59,N,N,,,
2005,第 15 屆 縣(市)長選舉,縣(市)長選舉,15,2005-12-03,金門縣,02,陳平,M,1957,無黨籍及未經政黨推薦,682,2.13,N,N,,,
2005,第 15 屆 縣(市)長選舉,縣(市)長選舉,15,2005-12-03,金門縣,03,李炷烽,M,1953,新黨,17359,54.28,Y,Y,,,
2005,第 15 屆 縣(市)長選舉,縣(市)長選舉,15,2005-12-03,連江縣,01,吳軾子,M,1959,無黨籍及未經政黨推薦,127,2.59,N,N,,,
2005,第 15 屆 縣(市)長選舉,縣(市)長選舉,15,2005-12-03,連江縣,02,陳雪生,M,1952,親民黨,2592,52.9,Y,Y,,,
2005,第 15 屆 縣(市)長選舉,縣(市)長選舉,15,2005-12-03,連江縣,03,楊綏生,M,1954,無黨籍及未經政黨推薦,2181,44.51,N,N,,,
2009,第 16 屆 縣(市)長選舉,縣(市)長選舉,16,2009-12-05,宜蘭縣,01,林聰賢,M,1962,民主進步黨,133394,54.26,Y,N,,,
2009,第 16 屆 縣(市)長選舉,縣(市)長選舉,16,2009-12-05,宜蘭縣,02,呂國華,M,1956,中國國民黨,112469,45.74,N,Y,,,
2009,第 16 屆 縣(市)長選舉,縣(市)長選舉,16,2009-12-05,桃園縣,01,吳富彤,M,1959,客家黨,15807,2.08,N,N,,,
2009,第 16 屆 縣(市)長選舉,縣(市)長選舉,16,2009-12-05,桃園縣,02,鄭文燦,M,1967,民主進步黨,346678,45.69,N,N,,,
2009,第 16 屆 縣(市)長選舉,縣(市)長選舉,16,2009-12-05,桃園縣,03,吳志揚,M,1969,中國國民黨,396237,52.22,Y,N,,,
2009,第 16 屆 縣(市)長選舉,縣(市)長選舉,16,2009-12-05,新竹縣,01,邱鏡淳,M,1949,中國國民黨,97151,38.49,Y,N,,,
2009,第 16 屆 縣(市)長選舉,縣(市)長選舉,16,2009-12-05,新竹縣,02,張碧琴,F,1965,無黨籍及未經政黨推薦,76254,30.21,N,N,,,
2009,第 16 屆 縣(市)長選舉,縣(市)長選舉,16,2009-12-05,新竹縣,03,彭紹瑾,M,1957,民主進步黨,77126,30.55,N,N,,,
2009,第 16 屆 縣(市)長選舉,縣(市)長選舉,16,2009-12-05,新竹縣,04,曾錦祥,M,1952,無黨籍及未經政黨推薦,1893,0.75,N,N,,,
2009,第 16 屆 縣(市)長選舉,縣(市)長選舉,16,2009-12-05,苗栗縣,01,楊長鎮,M,1963,民主進步黨,95469,33.6,N,N,,,
2009,第 16 屆 縣(市)長選舉,縣(市)長選舉,16,2009-12-05,苗栗縣,02,劉政鴻,M,1947,中國國民黨,181256,63.79,Y,Y,,,
2009,第 16 屆 縣(市)長選舉,縣(市)長選舉,16,2009-12-05,苗栗縣,03,李佳穆,M,1950,無黨籍及未經政黨推薦,7413,2.61,N,N,,,
2009,第 16 屆 縣(市)長選舉,縣(市)長選舉,16,2009-12-05,彰化縣,01,翁金珠,F,1947,民主進步黨,276897,43.63,N,N,,,
2009,第 16 屆 縣(市)長選舉,縣(市)長選舉,16,2009-12-05,彰化縣,02,卓伯源,M,1965,中國國民黨,348341,54.89,Y,Y,,,
2009,第 16 屆 縣(市)長選舉,縣(市)長選舉,16,2009-12-05,彰化縣,03,張春男,M,1941,無黨籍及未經政黨推薦,9402,1.48,N,N,,,
2009,第 16 屆 縣(市)長選舉,縣(市)長選舉,16,2009-12-05,南投縣,01,陳振盛,M,1950,無黨籍及未經政黨推薦,22170,8.23,N,N,,,
2009,第 16 屆 縣(市)長選舉,縣(市)長選舉,16,2009-12-05,南投縣,02,李文忠,M,1958,民主進步黨,107023,39.75,N,N,,,
2009,第 16 屆 縣(市)長選舉,縣(市)長選舉,16,2009-12-05,南投縣,03,李朝卿,M,1950,中國國民黨,136951,50.87,Y,Y,,,
2009,第 16 屆 縣(市)長選舉,縣(市)長選舉,16,2009-12-05,南投縣,04,張俊宏,M,1938,無黨籍及未經政黨推薦,3073,1.14,N,N,,,
2009,第 16 屆 縣(市)長選舉,縣(市)長選舉,16,2009-12-05,雲林縣,01,蘇治芬,F,1953,民主進步黨,229958,65.37,Y,Y,,,
2009,第 16 屆 縣(市)長選舉,縣(市)長選舉,16,2009-12-05,雲林縣,02,吳威志,M,1965,中國國民黨,121832,34.63,N,N,,,
2009,第 16 屆 縣(市)長選舉,縣(市)長選舉,16,2009-12-05,嘉義縣,01,翁玉隆,M,1947,無黨籍及未經政黨推薦,2874,0.91,N,N,,,
2009,第 16 屆 縣(市)長選舉,縣(市)長選舉,16,2009-12-05,嘉義縣,02,翁重鈞,M,1955,中國國民黨,128973,40.67,N,N,,,
2009,第 16 屆 縣(市)長選舉,縣(市)長選舉,16,2009-12-05,嘉義縣,03,蕭登標,M,1957,無黨籍及未經政黨推薦,7955,2.51,N,N,,,
2009,第 16 屆 縣(市)長選舉,縣(市)長選舉,16,2009-12-05,嘉義縣,04,張花冠,F,1954,民主進步黨,177333,55.92,Y,N,,,
2009,第 16 屆 縣(市)長選舉,縣(市)長選舉,16,2009-12-05,屏東縣,01,曹啟鴻,M,1948,民主進步黨,270402,59.33,Y,Y,,,
2009,第 16 屆 縣(市)長選舉,縣(市)長選舉,16,2009-12-05,屏東縣,02,周典論,M,1955,中國國民黨,185384,40.67,N,N,,,
2009,第 16 屆 縣(市)長選舉,縣(市)長選舉,16,2009-12-05,臺東縣,01,劉櫂豪,M,1967,民主進步黨,50802,47.41,N,N,,,
2009,第 16 屆 縣(市)長選舉,縣(市)長選舉,16,2009-12-05,臺東縣,02,黃健庭,M,1959,中國國民黨,56354,52.59,Y,N,,,
2009,第 16 屆 縣(市)長選舉,縣(市)長選舉,16,2009-12-05,花蓮縣,01,傅[萁,M,1962,無黨籍及未經政黨推薦,85532,56.37,Y,N,,,
2009,第 16 屆 縣(市)長選舉,縣(市)長選舉,16,2009-12-05,花蓮縣,02,張志明,M,1964,無黨籍及未經政黨推薦,27595,18.19,N,N,,,
2009,第 16 屆 縣(市)長選舉,縣(市)長選舉,16,2009-12-05,花蓮縣,03,杜麗華,F,1961,中國國民黨,38603,25.44,N,N,,,
2009,第 16 屆 縣(市)長選舉,縣(市)長選舉,16,2009-12-05,澎湖縣,01,蔡見興,M,1952,民主進步黨,22069,48.07,N,N,,,
2009,第 16 屆 縣(市)長選舉,縣(市)長選舉,16,2009-12-05,澎湖縣,02,王乾發,M,1949,中國國民黨,22664,49.37,Y,Y,,,
2009,第 16 屆 縣(市)長選舉,縣(市)長選舉,16,2009-12-05,澎湖縣,03,曾坤炳,M,1950,無黨籍及未經政黨推薦,1177,2.56,N,N,,,
2009,第 16 屆 縣(市)長選舉,縣(市)長選舉,16,2009-12-05,基隆市,01,林右昌,M,1971,民主進步黨,65673,42.08,N,N,,,
2009,第 16 屆 縣(市)長選舉,縣(市)長選舉,16,2009-12-05,基隆市,02,李步輝,M,1968,無黨籍及未經政黨推薦,4391,2.81,N,N,,,
2009,第 16 屆 縣(市)長選舉,縣(市)長選舉,16,2009-12-05,基隆市,03,張通榮,M,1949,中國國民黨,86001,55.11,Y,Y,,,
2009,第 16 屆 縣(市)長選舉,縣(市)長選舉,16,2009-12-05,新竹市,01,許明財,M,1953,中國國民黨,92667,55.63,Y,N,,,
2009,第 16 屆 縣(市)長選舉,縣(市)長選舉,16,2009-12-05,新竹市,02,林修二,M,1941,無黨籍及未經政黨推薦,5074,3.05,N,N,,,
2009,第 16 屆 縣(市)長選舉,縣(市)長選舉,16,2009-12-05,新竹市,03,劉俊秀,M,1952,民主進步黨,68822,41.32,N,N,,,
2009,第 16 屆 縣(市)長選舉,縣(市)長選舉,16,2009-12-05,嘉義市,01,黃敏惠,F,1959,中國國民黨,69962,52.2,Y,Y,,,
2009,第 16 屆 縣(市)長選舉,縣(市)長選舉,16,2009-12-05,嘉義市,02,林聖芬,F,1976,無黨籍及未經政黨推薦,2801,2.09,N,N,,,
2009,第 16 屆 縣(市)長選舉,縣(市)長選舉,16,2009-12-05,嘉義市,03,涂醒哲,M,1951,民主進步黨,61268,45.71,N,N,,,
2009,第 16 屆 縣(市)長選舉,縣(市)長選舉,16,2009-12-05,金門縣,01,梁國棟,M,1956,無黨籍及未經政黨推薦,245,0.64,N,N,,,
2009,第 16 屆 縣(市)長選舉,縣(市)長選舉,16,2009-12-05,金門縣,02,翁天慶,M,1953,無黨籍及未經政黨推薦,231,0.6,N,N,,,
2009,第 16 屆 縣(市)長選舉,縣(市)長選舉,16,2009-12-05,金門縣,03,楊榮祥,M,1953,無黨籍及未經政黨推薦,356,0.93,N,N,,,
2009,第 16 屆 縣(市)長選舉,縣(市)長選舉,16,2009-12-05,金門縣,04,吳成典,M,1957,無黨籍及未經政黨推薦,11501,30.04,N,N,,,
2009,第 16 屆 縣(市)長選舉,縣(市)長選舉,16,2009-12-05,金門縣,05,李沃士,M,1960,中國國民黨,14269,37.28,Y,N,,,
2009,第 16 屆 縣(市)長選舉,縣(市)長選舉,16,2009-12-05,金門縣,06,陳水在,M,1948,無黨籍及未經政黨推薦,11442,29.89,N,N,,,
2009,第 16 屆 縣(市)長選舉,縣(市)長選舉,16,2009-12-05,金門縣,07,許敬民,M,1949,無黨籍及未經政黨推薦,236,0.62,N,N,,,
2009,第 16 屆 縣(市)長選舉,縣(市)長選舉,16,2009-12-05,連江縣,01,楊綏生,M,1954,中國國民黨,3135,57.19,Y,N,,,
2009,第 16 屆 縣(市)長選舉,縣(市)長選舉,16,2009-12-05,連江縣,02,陳財能,M,1965,無黨籍及未經政黨推薦,78,1.42,N,N,,,
2009,第 16 屆 縣(市)長選舉,縣(市)長選舉,16,2009-12-05,連江縣,03,劉增應,M,1958,中國國民黨,2269,41.39,N,N,,,
2014,第 17 屆 縣(市)長選舉,縣(市)長選舉,17,2014-11-29,宜蘭縣,01,林聰賢,M,1962,民主進步黨,160253,63.95,Y,Y,,,
2014,第 17 屆 縣(市)長選舉,縣(市)長選舉,17,2014-11-29,宜蘭縣,02,邱淑媞,F,1962,中國國民黨,90320,36.05,N,N,,,
2014,第 17 屆 縣(市)長選舉,縣(市)長選舉,17,2014-11-29,新竹縣,01,葉芳棟,M,1969,無黨籍及未經政黨推薦,15699,5.93,N,N,,,
2014,第 17 屆 縣(市)長選舉,縣(市)長選舉,17,2014-11-29,新竹縣,02,邱鏡淳,M,1949,中國國民黨,124309,46.94,Y,Y,,,
2014,第 17 屆 縣(市)長選舉,縣(市)長選舉,17,2014-11-29,新竹縣,03,鄭永金,M,1949,無黨籍及未經政黨推薦,118698,44.82,N,N,,,
2014,第 17 屆 縣(市)長選舉,縣(市)長選舉,17,2014-11-29,新竹縣,04,莊作兵,M,1933,無黨籍及未經政黨推薦,6115,2.31,N,N,,,
2014,第 17 屆 縣(市)長選舉,縣(市)長選舉,17,2014-11-29,苗栗縣,01,徐耀昌,M,1955,中國國民黨,147547,46.59,Y,N,,,
2014,第 17 屆 縣(市)長選舉,縣(市)長選舉,17,2014-11-29,苗栗縣,02,康世儒,M,1964,無黨籍及未經政黨推薦,60356,19.06,N,N,,,
2014,第 17 屆 縣(市)長選舉,縣(市)長選舉,17,2014-11-29,苗栗縣,03,江明修,M,1959,無黨籍及未經政黨推薦,14978,4.73,N,N,,,
2014,第 17 屆 縣(市)長選舉,縣(市)長選舉,17,2014-11-29,苗栗縣,04,陳淑芬,F,1960,無黨籍及未經政黨推薦,2137,0.67,N,N,,,
2014,第 17 屆 縣(市)長選舉,縣(市)長選舉,17,2014-11-29,苗栗縣,05,曾國良,M,1962,無黨籍及未經政黨推薦,1807,0.57,N,N,,,
2014,第 17 屆 縣(市)長選舉,縣(市)長選舉,17,2014-11-29,苗栗縣,06,吳宜臻,F,1970,民主進步黨,89838,28.37,N,N,,,
2014,第 17 屆 縣(市)長選舉,縣(市)長選舉,17,2014-11-29,彰化縣,01,黃文玲,F,1969,無黨籍及未經政黨推薦,37593,5.23,N,N,,,
2014,第 17 屆 縣(市)長選舉,縣(市)長選舉,17,2014-11-29,彰化縣,02,洪敏雄,M,1961,無黨籍及未經政黨推薦,10674,1.48,N,N,,,
2014,第 17 屆 縣(市)長選舉,縣(市)長選舉,17,2014-11-29,彰化縣,03,魏明谷,M,1963,民主進步黨,386405,53.71,Y,N,,,
2014,第 17 屆 縣(市)長選舉,縣(市)長選舉,17,2014-11-29,彰化縣,04,林滄敏,M,1958,中國國民黨,284738,39.58,N,N,,,
2014,第 17 屆 縣(市)長選舉,縣(市)長選舉,17,2014-11-29,南投縣,01,李文忠,M,1958,民主進步黨,143719,49.04,N,N,,,
2014,第 17 屆 縣(市)長選舉,縣(市)長選舉,17,2014-11-29,南投縣,02,林明溱,M,1951,中國國民黨,149361,50.96,Y,N,,,
2014,第 17 屆 縣(市)長選舉,縣(市)長選舉,17,2014-11-29,雲林縣,01,張麗善,F,1964,中國國民黨,175862,43.02,N,N,,,
2014,第 17 屆 縣(市)長選舉,縣(市)長選舉,17,2014-11-29,雲林縣,02,李進勇,M,1951,民主進步黨,232900,56.98,Y,N,,,
2014,第 17 屆 縣(市)長選舉,縣(市)長選舉,17,2014-11-29,嘉義縣,01,黃宏成台灣阿成世界偉人,M,1968,無黨籍及未經政黨推薦,8639,2.82,N,N,,,
2014,第 17 屆 縣(市)長選舉,縣(市)長選舉,17,2014-11-29,嘉義縣,02,張花冠,F,1954,民主進步黨,193399,63.09,Y,Y,,,
2014,第 17 屆 縣(市)長選舉,縣(市)長選舉,17,2014-11-29,嘉義縣,03,翁重鈞,M,1955,中國國民黨,104488,34.09,N,N,,,
2014,第 17 屆 縣(市)長選舉,縣(市)長選舉,17,2014-11-29,屏東縣,01,簡太郎,M,1947,中國國民黨,182027,37.07,N,N,,,
2014,第 17 屆 縣(市)長選舉,縣(市)長選舉,17,2014-11-29,屏東縣,02,潘孟安,M,1963,民主進步黨,308953,62.93,Y,N,,,
2014,第 17 屆 縣(市)長選舉,縣(市)長選舉,17,2014-11-29,臺東縣,01,劉櫂豪,M,1967,民主進步黨,53860,45.59,N,N,,,
2014,第 17 屆 縣(市)長選舉,縣(市)長選舉,17,2014-11-29,臺東縣,02,黃健庭,M,1959,中國國民黨,64272,54.41,Y,Y,,,
2014,第 17 屆 縣(市)長選舉,縣(市)長選舉,17,2014-11-29,花蓮縣,01,傳?萁,M,1962,無黨籍及未經政黨推薦,89048,56.53,Y,Y,,,
2014,第 17 屆 縣(市)長選舉,縣(市)長選舉,17,2014-11-29,花蓮縣,02,徐榛蔚,F,1968,無黨籍及未經政黨推薦,5436,3.45,N,N,,,
2014,第 17 屆 縣(市)長選舉,縣(市)長選舉,17,2014-11-29,花蓮縣,03,?師鵬,M,1957,無黨籍及未經政黨推薦,2369,1.5,N,N,,,
2014,第 17 屆 縣(市)長選舉,縣(市)長選舉,17,2014-11-29,花蓮縣,04,柯賜海,M,1956,無黨籍及未經政黨推薦,14954,9.49,N,N,,,
2014,第 17 屆 縣(市)長選舉,縣(市)長選舉,17,2014-11-29,花蓮縣,05,朱國華,M,1959,無黨籍及未經政黨推薦,2218,1.41,N,N,,,
2014,第 17 屆 縣(市)長選舉,縣(市)長選舉,17,2014-11-29,花蓮縣,06,蔡啟塔,M,1958,中國國民黨,43504,27.62,N,N,,,
2014,第 17 屆 縣(市)長選舉,縣(市)長選舉,17,2014-11-29,澎湖縣,01,陳光復,M,1955,民主進步黨,29164,55.34,Y,N,,,
2014,第 17 屆 縣(市)長選舉,縣(市)長選舉,17,2014-11-29,澎湖縣,02,蘇崑雄,M,1956,中國國民黨,23533,44.66,N,N,,,
2014,第 17 屆 縣(市)長選舉,縣(市)長選舉,17,2014-11-29,基隆市,01,謝立功,M,1961,中國國民黨,52198,27.47,N,N,,,
2014,第 17 屆 縣(市)長選舉,縣(市)長選舉,17,2014-11-29,基隆市,02,黃景泰,M,1965,無黨籍及未經政黨推薦,30914,16.27,N,N,,,
2014,第 17 屆 縣(市)長選舉,縣(市)長選舉,17,2014-11-29,基隆市,03,林右昌,M,1971,民主進步黨,101010,53.15,Y,N,,,
2014,第 17 屆 縣(市)長選舉,縣(市)長選舉,17,2014-11-29,基隆市,04,何燕堂,M,1965,人民民主陣線,1376,0.72,N,N,,,
2014,第 17 屆 縣(市)長選舉,縣(市)長選舉,17,2014-11-29,基隆市,05,吳武明,M,1957,無黨籍及未經政黨推薦,2023,1.06,N,N,,,
2014,第 17 屆 縣(市)長選舉,縣(市)長選舉,17,2014-11-29,基隆市,06,江鑒育,M,1960,無黨籍及未經政黨推薦,2517,1.32,N,N,,,
2014,第 17 屆 縣(市)長選舉,縣(市)長選舉,17,2014-11-29,新竹市,01,劉正幸,M,1955,無黨籍及未經政黨推薦,1914,0.96,N,N,,,
2014,第 17 屆 縣(市)長選舉,縣(市)長選舉,17,2014-11-29,新竹市,02,許明財,M,1953,中國國民黨,75564,37.85,N,Y,,,
2014,第 17 屆 縣(市)長選舉,縣(市)長選舉,17,2014-11-29,新竹市,03,蔡仁堅,M,1952,無黨籍及未經政黨推薦,40480,20.28,N,N,,,
2014,第 17 屆 縣(市)長選舉,縣(市)長選舉,17,2014-11-29,新竹市,04,林智堅,M,1975,民主進步黨,76578,38.36,Y,N,,,
2014,第 17 屆 縣(市)長選舉,縣(市)長選舉,17,2014-11-29,新竹市,05,吳淑敏,F,1965,無黨籍及未經政黨推薦,5101,2.56,N,N,,,
2014,第 17 屆 縣(市)長選舉,縣(市)長選舉,17,2014-11-29,嘉義市,01,陳秀麗,F,1948,無黨籍及未經政黨推薦,633,0.44,N,N,,,
2014,第 17 屆 縣(市)長選舉,縣(市)長選舉,17,2014-11-29,嘉義市,02,陳泰山,M,1949,無黨籍及未經政黨推薦,786,0.54,N,N,,,
2014,第 17 屆 縣(市)長選舉,縣(市)長選舉,17,2014-11-29,嘉義市,03,陳以真,F,1977,中國國民黨,66108,45.5,N,N,,,
2014,第 17 屆 縣(市)長選舉,縣(市)長選舉,17,2014-11-29,嘉義市,04,涂醒哲,M,1951,民主進步黨,74698,51.41,Y,N,,,
2014,第 17 屆 縣(市)長選舉,縣(市)長選舉,17,2014-11-29,嘉義市,05,許文建,M,1960,無黨籍及未經政黨推薦,330,0.23,N,N,,,
2014,第 17 屆 縣(市)長選舉,縣(市)長選舉,17,2014-11-29,嘉義市,06,林詩涵,F,1981,人民民主陣線,2747,1.89,N,N,,,
2014,第 17 屆 縣(市)長選舉,縣(市)長選舉,17,2014-11-29,金門縣,01,蘇龍科,M,1960,無黨籍及未經政黨推薦,470,1.03,N,N,,,
2014,第 17 屆 縣(市)長選舉,縣(市)長選舉,17,2014-11-29,金門縣,02,雷由靖,M,1961,無黨籍及未經政黨推薦,132,0.29,N,N,,,
2014,第 17 屆 縣(市)長選舉,縣(市)長選舉,17,2014-11-29,金門縣,03,陳福海,M,1963,無黨籍及未經政黨推薦,23965,52.77,Y,N,,,
2014,第 17 屆 縣(市)長選舉,縣(市)長選舉,17,2014-11-29,金門縣,04,李沃士,M,1960,中國國民黨,15146,33.35,N,Y,,,
2014,第 17 屆 縣(市)長選舉,縣(市)長選舉,17,2014-11-29,金門縣,05,汪成華,F,1960,教科文預算保障e聯盟,403,0.89,N,N,,,
2014,第 17 屆 縣(市)長選舉,縣(市)長選舉,17,2014-11-29,金門縣,06,洪志,M,1968,無黨籍及未經政黨推薦,636,1.4,N,N,,,
2014,第 17 屆 縣(市)長選舉,縣(市)長選舉,17,2014-11-29,金門縣,07,莊育民,M,1970,無黨籍及未經政黨推薦,236,0.52,N,N,,,
2014,第 17 屆 縣(市)長選舉,縣(市)長選舉,17,2014-11-29,金門縣,08,林水泉,M,1948,無黨籍及未經政黨推薦,240,0.53,N,N,,,
2014,第 17 屆 縣(市)長選舉,縣(市)長選舉,17,2014-11-29,金門縣,09,許乃權,M,1956,無黨籍及未經政黨推薦,3834,8.44,N,N,,,
2014,第 17 屆 縣(市)長選舉,縣(市)長選舉,17,2014-11-29,金門縣,10,楊榮祥,M,1953,無黨籍及未經政黨推薦,354,0.78,N,N,,,
2014,第 17 屆 縣(市)長選舉,縣(市)長選舉,17,2014-11-29,連江縣,01,劉增應,M,1958,中國國民黨,4385,66.25,Y,N,,,
2014,第 17 屆 縣(市)長選舉,縣(市)長選舉,17,2014-11-29,連江縣,02,楊綏生,M,1954,中國國民黨,2234,33.75,N,Y,,,
2018,第 18 屆 縣(市)長選舉,縣(市)長選舉,18,2018-11-24,宜蘭縣,01,林信華,M,1967,無黨籍及未經政黨推薦,27399,10.95,N,N,,,
2018,第 18 屆 縣(市)長選舉,縣(市)長選舉,18,2018-11-24,宜蘭縣,02,林姿妙,F,1952,中國國民黨,123767,49.48,Y,N,,,
2018,第 18 屆 縣(市)長選舉,縣(市)長選舉,18,2018-11-24,宜蘭縣,03,陳歐珀,M,1962,民主進步黨,95609,38.22,N,N,,,
2018,第 18 屆 縣(市)長選舉,縣(市)長選舉,18,2018-11-24,宜蘭縣,04,林錦坤,M,1964,無黨籍及未經政黨推薦,1922,0.76,N,N,,,
2018,第 18 屆 縣(市)長選舉,縣(市)長選舉,18,2018-11-24,宜蘭縣,05,陳秋境,M,1963,無黨籍及未經政黨推薦,1424,0.56,N,N,,,
2018,第 18 屆 縣(市)長選舉,縣(市)長選舉,18,2018-11-24,新竹縣,01,楊文科,M,1951,中國國民黨,107877,38.19,Y,N,,,
2018,第 18 屆 縣(市)長選舉,縣(市)長選舉,18,2018-11-24,新竹縣,02,葉芳棟,M,1969,無黨籍及未經政黨推薦,5168,1.82,N,N,,,
2018,第 18 屆 縣(市)長選舉,縣(市)長選舉,18,2018-11-24,新竹縣,03,鄭朝方,M,1980,民主進步黨,78170,27.68,N,N,,,
2018,第 18 屆 縣(市)長選舉,縣(市)長選舉,18,2018-11-24,新竹縣,04,徐欣瑩,F,1972,民國黨,91190,32.29,N,N,,,
2018,第 18 屆 縣(市)長選舉,縣(市)長選舉,18,2018-11-24,苗栗縣,01,朱泰平,M,1955,無黨籍及未經政黨推薦,6880,2.26,N,N,,,
2018,第 18 屆 縣(市)長選舉,縣(市)長選舉,18,2018-11-24,苗栗縣,02,徐定禎,M,1961,無黨籍及未經政黨推薦,112704,37.02,N,N,,,
2018,第 18 屆 縣(市)長選舉,縣(市)長選舉,18,2018-11-24,苗栗縣,03,黃玉燕,F,1961,無黨籍及未經政黨推薦,9030,2.96,N,N,,,
2018,第 18 屆 縣(市)長選舉,縣(市)長選舉,18,2018-11-24,苗栗縣,04,徐耀昌,M,1955,中國國民黨,175756,57.74,Y,Y,,,
2018,第 18 屆 縣(市)長選舉,縣(市)長選舉,18,2018-11-24,彰化縣,01,魏明谷,M,1963,民主進步黨,283269,39.87,N,Y,,,
2018,第 18 屆 縣(市)長選舉,縣(市)長選舉,18,2018-11-24,彰化縣,02,王惠美,F,1968,中國國民黨,377795,53.17,Y,N,,,
2018,第 18 屆 縣(市)長選舉,縣(市)長選舉,18,2018-11-24,彰化縣,03,白雅燦,M,1945,無黨籍及未經政黨推薦,7402,1.04,N,N,,,
2018,第 18 屆 縣(市)長選舉,縣(市)長選舉,18,2018-11-24,彰化縣,04,黃文玲,F,1969,無黨籍及未經政黨推薦,34690,4.88,N,N,,,
2018,第 18 屆 縣(市)長選舉,縣(市)長選舉,18,2018-11-24,彰化縣,05,洪敏雄,M,1961,無黨籍及未經政黨推薦,7263,1.02,N,N,,,
2018,第 18 屆 縣(市)長選舉,縣(市)長選舉,18,2018-11-24,南投縣,01,林明溱,M,1951,中國國民黨,195385,66.71,Y,Y,,,
2018,第 18 屆 縣(市)長選舉,縣(市)長選舉,18,2018-11-24,南投縣,02,洪國浩,M,1958,民主進步黨,97460,33.28,N,N,,,
2018,第 18 屆 縣(市)長選舉,縣(市)長選舉,18,2018-11-24,雲林縣,01,林佳瑜,M,1959,無黨籍及未經政黨推薦,6163,1.57,N,N,,,
2018,第 18 屆 縣(市)長選舉,縣(市)長選舉,18,2018-11-24,雲林縣,02,李進勇,M,1951,民主進步黨,163325,41.71,N,Y,,,
2018,第 18 屆 縣(市)長選舉,縣(市)長選舉,18,2018-11-24,雲林縣,03,王麗萍,F,1962,無黨籍及未經政黨推薦,11261,2.87,N,N,,,
2018,第 18 屆 縣(市)長選舉,縣(市)長選舉,18,2018-11-24,雲林縣,04,張麗善,F,1964,中國國民黨,210770,53.83,Y,N,,,
2018,第 18 屆 縣(市)長選舉,縣(市)長選舉,18,2018-11-24,嘉義縣,01,翁章梁,M,1965,民主進步黨,145288,50.95,Y,N,,,
2018,第 18 屆 縣(市)長選舉,縣(市)長選舉,18,2018-11-24,嘉義縣,02,吳芳銘,M,1971,無黨籍及未經政黨推薦,51020,17.89,N,N,,,
2018,第 18 屆 縣(市)長選舉,縣(市)長選舉,18,2018-11-24,嘉義縣,03,林國龍,M,1950,無黨籍及未經政黨推薦,4596,1.61,N,N,,,
2018,第 18 屆 縣(市)長選舉,縣(市)長選舉,18,2018-11-24,嘉義縣,04,吳育仁,M,1969,中國國民黨,84243,29.54,N,N,,,
2018,第 18 屆 縣(市)長選舉,縣(市)長選舉,18,2018-11-24,屏東縣,01,李鎔任,M,1952,無黨籍及未經政黨推薦,9819,2.08,N,N,,,
2018,第 18 屆 縣(市)長選舉,縣(市)長選舉,18,2018-11-24,屏東縣,02,蘇清泉,M,1957,中國國民黨,197518,42.01,N,N,,,
2018,第 18 屆 縣(市)長選舉,縣(市)長選舉,18,2018-11-24,屏東縣,03,潘孟安,M,1963,民主進步黨,262809,55.89,Y,Y,,,
2018,第 18 屆 縣(市)長選舉,縣(市)長選舉,18,2018-11-24,臺東縣,01,鄺麗貞,F,1963,無黨籍及未經政黨推薦,3049,2.55,N,N,,,
2018,第 18 屆 縣(市)長選舉,縣(市)長選舉,18,2018-11-24,臺東縣,02,劉櫂豪,M,1967,民主進步黨,44264,37.03,N,N,,,
2018,第 18 屆 縣(市)長選舉,縣(市)長選舉,18,2018-11-24,臺東縣,03,黃裕斌,M,1949,無黨籍及未經政黨推薦,640,0.53,N,N,,,
2018,第 18 屆 縣(市)長選舉,縣(市)長選舉,18,2018-11-24,臺東縣,04,彭權國,M,1963,無黨籍及未經政黨推薦,988,0.82,N,N,,,
2018,第 18 屆 縣(市)長選舉,縣(市)長選舉,18,2018-11-24,臺東縣,05,饒慶鈴,F,1969,中國國民黨,70577,59.05,Y,N,,,
2018,第 18 屆 縣(市)長選舉,縣(市)長選舉,18,2018-11-24,花蓮縣,01,徐榛蔚,F,1968,中國國民黨,121297,71.52,Y,N,,,
2018,第 18 屆 縣(市)長選舉,縣(市)長選舉,18,2018-11-24,花蓮縣,02,劉曉玫,F,1973,民主進步黨,43879,25.87,N,N,,,
2018,第 18 屆 縣(市)長選舉,縣(市)長選舉,18,2018-11-24,花蓮縣,03,?師鵬,M,1957,無黨籍及未經政黨推薦,4420,2.6,N,N,,,
2018,第 18 屆 縣(市)長選舉,縣(市)長選舉,18,2018-11-24,澎湖縣,01,翁珍聖,M,1970,無黨籍及未經政黨推薦,1379,2.6,N,N,,,
2018,第 18 屆 縣(市)長選舉,縣(市)長選舉,18,2018-11-24,澎湖縣,02,鄭清發,M,1958,無黨籍及未經政黨推薦,4330,8.18,N,N,,,
2018,第 18 屆 縣(市)長選舉,縣(市)長選舉,18,2018-11-24,澎湖縣,03,陳大松,M,1958,無黨籍及未經政黨推薦,5822,11,N,N,,,
2018,第 18 屆 縣(市)長選舉,縣(市)長選舉,18,2018-11-24,澎湖縣,04,吳政隆,M,1966,無黨籍及未經政黨推薦,2999,5.66,N,N,,,
2018,第 18 屆 縣(市)長選舉,縣(市)長選舉,18,2018-11-24,澎湖縣,05,賴峰偉,M,1953,中國國民黨,20570,38.87,Y,N,,,
2018,第 18 屆 縣(市)長選舉,縣(市)長選舉,18,2018-11-24,澎湖縣,06,陳光復,M,1955,民主進步黨,17347,32.78,N,Y,,,
2018,第 18 屆 縣(市)長選舉,縣(市)長選舉,18,2018-11-24,澎湖縣,07,呂華苑,F,1959,無黨籍及未經政黨推薦,468,0.88,N,N,,,
2018,第 18 屆 縣(市)長選舉,縣(市)長選舉,18,2018-11-24,基隆市,01,謝立功,M,1961,中國國民黨,86529,45.85,N,N,,,
2018,第 18 屆 縣(市)長選舉,縣(市)長選舉,18,2018-11-24,基隆市,02,林右昌,M,1971,民主進步黨,102167,54.14,Y,Y,,,
2018,第 18 屆 縣(市)長選舉,縣(市)長選舉,18,2018-11-24,新竹市,01,謝文進,M,1954,無黨籍及未經政黨推薦,44101,20.31,N,N,,,
2018,第 18 屆 縣(市)長選舉,縣(市)長選舉,18,2018-11-24,新竹市,02,李驥?,M,1956,無黨籍及未經政黨推薦,705,0.32,N,N,,,
2018,第 18 屆 縣(市)長選舉,縣(市)長選舉,18,2018-11-24,新竹市,03,黃源甫,M,1954,無黨籍及未經政黨推薦,3603,1.65,N,N,,,
2018,第 18 屆 縣(市)長選舉,縣(市)長選舉,18,2018-11-24,新竹市,04,許明財,M,1953,中國國民黨,60508,27.87,N,N,,,
2018,第 18 屆 縣(市)長選舉,縣(市)長選舉,18,2018-11-24,新竹市,05,郭榮睿,M,1954,無黨籍及未經政黨推薦,574,0.26,N,N,,,
2018,第 18 屆 縣(市)長選舉,縣(市)長選舉,18,2018-11-24,新竹市,06,林智堅,M,1975,民主進步黨,107612,49.56,Y,Y,,,
2018,第 18 屆 縣(市)長選舉,縣(市)長選舉,18,2018-11-24,嘉義市,01,蕭淑麗,F,1967,無黨籍及未經政黨推薦,25572,17.98,N,N,,,
2018,第 18 屆 縣(市)長選舉,縣(市)長選舉,18,2018-11-24,嘉義市,02,黃敏惠,F,1959,中國國民黨,58558,41.17,Y,N,,,
2018,第 18 屆 縣(市)長選舉,縣(市)長選舉,18,2018-11-24,嘉義市,03,黃宏成台灣阿成世界偉人財神總統,M,1968,無黨籍及未經政黨推薦,1822,1.28,N,N,,,
2018,第 18 屆 縣(市)長選舉,縣(市)長選舉,18,2018-11-24,嘉義市,04,涂醒哲,M,1951,民主進步黨,56256,39.55,N,Y,,,
2018,第 18 屆 縣(市)長選舉,縣(市)長選舉,18,2018-11-24,金門縣,01,楊鎮浯,M,1972,中國國民黨,23520,47.77,Y,N,,,
2018,第 18 屆 縣(市)長選舉,縣(市)長選舉,18,2018-11-24,金門縣,02,洪志,M,1968,金門高粱黨,832,1.69,N,N,,,
2018,第 18 屆 縣(市)長選舉,縣(市)長選舉,18,2018-11-24,金門縣,03,汪承樺,F,1960,教科文預算保障e聯盟,403,0.81,N,N,,,
2018,第 18 屆 縣(市)長選舉,縣(市)長選舉,18,2018-11-24,金門縣,04,陳福海,M,1963,無黨籍及未經政黨推薦,22719,46.14,N,Y,,,
2018,第 18 屆 縣(市)長選舉,縣(市)長選舉,18,2018-11-24,金門縣,05,謝宜璋,M,1967,無黨籍及未經政黨推薦,1389,2.82,N,N,,,
2018,第 18 屆 縣(市)長選舉,縣(市)長選舉,18,2018-11-24,金門縣,06,洪和成,M,1961,無黨籍及未經政黨推薦,366,0.74,N,N,,,
2018,第 18 屆 縣(市)長選舉,縣(市)長選舉,18,2018-11-24,連江縣,01,蘇柏豪,M,1986,樹黨,927,12.51,N,N,,,
2018,第 18 屆 縣(市)長選舉,縣(市)長選舉,18,2018-11-24,連江縣,02,朱秀珍,F,1966,無黨籍及未經政黨推薦,1284,17.33,N,N,,,
2018,第 18 屆 縣(市)長選舉,縣(市)長選舉,18,2018-11-24,連江縣,03,魏耀乾,M,1950,無黨籍及未經政黨推薦,336,4.53,N,N,,,
2018,第 18 屆 縣(市)長選舉,縣(市)長選舉,18,2018-11-24,連江縣,04,劉增應,M,1958,中國國民黨,4861,65.61,Y,Y,,,
2022,第 19 屆 縣(市)長選舉,縣(市)長選舉,19,2022-11-26,宜蘭縣,01,林姿妙,F,1952,中國國民黨,119421,50.76,Y,Y,,,
2022,第 19 屆 縣(市)長選舉,縣(市)長選舉,19,2022-11-26,宜蘭縣,02,朱振東,M,1953,天一黨,919,0.39,N,N,,,
2022,第 19 屆 縣(市)長選舉,縣(市)長選舉,19,2022-11-26,宜蘭縣,03,許鋐哲,M,1949,無黨籍及未經政黨推薦,1036,0.44,N,N,,,
2022,第 19 屆 縣(市)長選舉,縣(市)長選舉,19,2022-11-26,宜蘭縣,04,陳秋境,M,1963,無黨籍及未經政黨推薦,714,0.3,N,N,,,
2022,第 19 屆 縣(市)長選舉,縣(市)長選舉,19,2022-11-26,宜蘭縣,05,江X淵,M,1969,民主進步黨,96779,41.13,N,N,,,
2022,第 19 屆 縣(市)長選舉,縣(市)長選舉,19,2022-11-26,宜蘭縣,06,陳琬惠,F,1974,台灣民眾黨,16412,6.98,N,N,,,
2022,第 19 屆 縣(市)長選舉,縣(市)長選舉,19,2022-11-26,新竹縣,01,黃秀龍,M,1960,無黨籍及未經政黨推薦,3403,1.32,N,N,,,
2022,第 19 屆 縣(市)長選舉,縣(市)長選舉,19,2022-11-26,新竹縣,02,范振揆,M,1971,無黨籍及未經政黨推薦,4874,1.89,N,N,,,
2022,第 19 屆 縣(市)長選舉,縣(市)長選舉,19,2022-11-26,新竹縣,03,周江杰,M,1980,民主進步黨,83683,32.4,N,N,,,
2022,第 19 屆 縣(市)長選舉,縣(市)長選舉,19,2022-11-26,新竹縣,04,楊文科,M,1951,中國國民黨,163662,63.36,Y,Y,,,
2022,第 19 屆 縣(市)長選舉,縣(市)長選舉,19,2022-11-26,新竹縣,05,劉復嵐,M,1974,無黨籍及未經政黨推薦,2683,1.04,N,N,,,
2022,第 19 屆 縣(市)長選舉,縣(市)長選舉,19,2022-11-26,苗栗縣,01,鍾東錦,M,1963,無黨籍及未經政黨推薦,124603,42.66,Y,N,,,
2022,第 19 屆 縣(市)長選舉,縣(市)長選舉,19,2022-11-26,苗栗縣,02,謝福弘,M,1956,中國國民黨,32026,10.96,N,N,,,
2022,第 19 屆 縣(市)長選舉,縣(市)長選舉,19,2022-11-26,苗栗縣,03,吳盛聖,M,1979,無黨籍及未經政黨推薦,4864,1.67,N,N,,,
2022,第 19 屆 縣(市)長選舉,縣(市)長選舉,19,2022-11-26,苗栗縣,04,徐定禎,M,1961,民主進步黨,91260,31.24,N,N,,,
2022,第 19 屆 縣(市)長選舉,縣(市)長選舉,19,2022-11-26,苗栗縣,05,宋國鼎,M,1981,時代力量,39347,13.47,N,N,,,
2022,第 19 屆 縣(市)長選舉,縣(市)長選舉,19,2022-11-26,彰化縣,01,王惠美,F,1968,中國國民黨,369133,56.75,Y,Y,,,
2022,第 19 屆 縣(市)長選舉,縣(市)長選舉,19,2022-11-26,彰化縣,02,黃秀芳,F,1971,民主進步黨,272817,41.94,N,N,,,
2022,第 19 屆 縣(市)長選舉,縣(市)長選舉,19,2022-11-26,彰化縣,03,蕭仁正,M,1953,無黨籍及未經政黨推薦,8474,1.3,N,N,,,
2022,第 19 屆 縣(市)長選舉,縣(市)長選舉,19,2022-11-26,南投縣,01,蔡培慧,F,1971,民主進步黨,117993,42.83,N,N,,,
2022,第 19 屆 縣(市)長選舉,縣(市)長選舉,19,2022-11-26,南投縣,02,許淑華,F,1975,中國國民黨,154256,55.99,Y,N,,,
2022,第 19 屆 縣(市)長選舉,縣(市)長選舉,19,2022-11-26,南投縣,03,王永慶,M,1962,無黨籍及未經政黨推薦,3250,1.18,N,N,,,
2022,第 19 屆 縣(市)長選舉,縣(市)長選舉,19,2022-11-26,雲林縣,01,張麗善,F,1964,中國國民黨,207519,56.57,Y,Y,,,
2022,第 19 屆 縣(市)長選舉,縣(市)長選舉,19,2022-11-26,雲林縣,02,劉建國,M,1969,民主進步黨,152620,41.6,N,N,,,
2022,第 19 屆 縣(市)長選舉,縣(市)長選舉,19,2022-11-26,雲林縣,03,林佳瑜,M,1959,無黨籍及未經政黨推薦,6694,1.82,N,N,,,
2022,第 19 屆 縣(市)長選舉,縣(市)長選舉,19,2022-11-26,嘉義縣,01,王育敏,F,1971,中國國民黨,101517,37.15,N,N,,,
2022,第 19 屆 縣(市)長選舉,縣(市)長選舉,19,2022-11-26,嘉義縣,02,翁章梁,M,1965,民主進步黨,171777,62.85,Y,Y,,,
2022,第 19 屆 縣(市)長選舉,縣(市)長選舉,19,2022-11-26,屏東縣,01,詹智鈞,M,1976,時代力量,19156,4.32,N,N,,,
2022,第 19 屆 縣(市)長選舉,縣(市)長選舉,19,2022-11-26,屏東縣,02,蘇清泉,M,1957,中國國民黨,206460,46.59,N,N,,,
2022,第 19 屆 縣(市)長選舉,縣(市)長選舉,19,2022-11-26,屏東縣,03,周春米,F,1966,民主進步黨,217537,49.09,Y,N,,,
2022,第 19 屆 縣(市)長選舉,縣(市)長選舉,19,2022-11-26,臺東縣,01,陳長宏,M,1965,無黨籍及未經政黨推薦,2383,2.12,N,N,,,
2022,第 19 屆 縣(市)長選舉,縣(市)長選舉,19,2022-11-26,臺東縣,02,饒慶鈴,F,1969,中國國民黨,68661,61.22,Y,Y,,,
2022,第 19 屆 縣(市)長選舉,縣(市)長選舉,19,2022-11-26,臺東縣,03,劉櫂豪,M,1967,民主進步黨,41104,36.65,N,N,,,
2022,第 19 屆 縣(市)長選舉,縣(市)長選舉,19,2022-11-26,花蓮縣,01,徐榛蔚,F,1968,中國國民黨,96645,64.73,Y,Y,,,
2022,第 19 屆 縣(市)長選舉,縣(市)長選舉,19,2022-11-26,花蓮縣,02,?師鵬,M,1957,無黨籍及未經政黨推薦,4817,3.23,N,N,,,
2022,第 19 屆 縣(市)長選舉,縣(市)長選舉,19,2022-11-26,花蓮縣,03,谷辣斯．尤達卡 Kolas Yotaka,F,1974,民主進步黨,47845,32.04,N,N,,,
2022,第 19 屆 縣(市)長選舉,縣(市)長選舉,19,2022-11-26,澎湖縣,01,陳光復,M,1955,民主進步黨,18777,36.64,Y,N,,,
2022,第 19 屆 縣(市)長選舉,縣(市)長選舉,19,2022-11-26,澎湖縣,02,賴峰偉,M,1953,中國國民黨,17081,33.33,N,Y,,,
2022,第 19 屆 縣(市)長選舉,縣(市)長選舉,19,2022-11-26,澎湖縣,03,葉竹林,M,1962,無黨籍及未經政黨推薦,15384,30.02,N,N,,,
2022,第 19 屆 縣(市)長選舉,縣(市)長選舉,19,2022-11-26,基隆市,01,謝國樑,M,1975,中國國民黨,96784,52.92,Y,N,,,
2022,第 19 屆 縣(市)長選舉,縣(市)長選舉,19,2022-11-26,基隆市,02,陳薇仲,F,1990,時代力量,12000,6.56,N,N,,,
2022,第 19 屆 縣(市)長選舉,縣(市)長選舉,19,2022-11-26,基隆市,03,蔡適應,M,1973,民主進步黨,71354,39.01,N,N,,,
2022,第 19 屆 縣(市)長選舉,縣(市)長選舉,19,2022-11-26,基隆市,04,曾國民,M,1962,無黨籍及未經政黨推薦,619,0.34,N,N,,,
2022,第 19 屆 縣(市)長選舉,縣(市)長選舉,19,2022-11-26,基隆市,05,黃希賢,M,1965,無黨籍及未經政黨推薦,2136,1.17,N,N,,,
2022,第 19 屆 縣(市)長選舉,縣(市)長選舉,19,2022-11-26,新竹市,01,黃源甫,M,1954,無黨籍及未經政黨推薦,1049,0.48,N,N,,,
2022,第 19 屆 縣(市)長選舉,縣(市)長選舉,19,2022-11-26,新竹市,02,龔偉綸,M,1982,無黨籍及未經政黨推薦,508,0.23,N,N,,,
2022,第 19 屆 縣(市)長選舉,縣(市)長選舉,19,2022-11-26,新竹市,03,林耕仁,M,1960,中國國民黨,39391,18.07,N,N,,,
2022,第 19 屆 縣(市)長選舉,縣(市)長選舉,19,2022-11-26,新竹市,04,李驥?,M,1956,無黨籍及未經政黨推薦,1108,0.51,N,N,,,
2022,第 19 屆 縣(市)長選舉,縣(市)長選舉,19,2022-11-26,新竹市,05,沈慧虹,F,1967,民主進步黨,77764,35.68,N,N,,,
2022,第 19 屆 縣(市)長選舉,縣(市)長選舉,19,2022-11-26,新竹市,06,高虹安,F,1984,台灣民眾黨,98121,45.02,Y,N,,,
2022,第 19 屆 縣(市)長選舉,縣(市)長選舉,19,2022-11-26,嘉義市,01,黃敏惠,F,1959,中國國民黨,59874,63.82,Y,Y,,,
2022,第 19 屆 縣(市)長選舉,縣(市)長選舉,19,2022-11-26,嘉義市,02,李俊俋,M,1965,民主進步黨,32790,34.95,N,N,,,
2022,第 19 屆 縣(市)長選舉,縣(市)長選舉,19,2022-11-26,嘉義市,03,陳泰山,M,1949,無黨籍及未經政黨推薦,246,0.26,N,N,,,
2022,第 19 屆 縣(市)長選舉,縣(市)長選舉,19,2022-11-26,嘉義市,04,黃宏成台灣阿成世界偉人財神總統,M,1968,無黨籍及未經政黨推薦,535,0.57,N,N,,,
2022,第 19 屆 縣(市)長選舉,縣(市)長選舉,19,2022-11-26,嘉義市,05,鄭凱升,M,1978,無黨籍及未經政黨推薦,368,0.39,N,N,,,
2022,第 19 屆 縣(市)長選舉,縣(市)長選舉,19,2022-11-26,金門縣,01,李應文,M,1979,無黨籍及未經政黨推薦,3459,7.34,N,N,,,
2022,第 19 屆 縣(市)長選舉,縣(市)長選舉,19,2022-11-26,金門縣,02,朱紀瑋,M,1961,龍黨,174,0.37,N,N,,,
2022,第 19 屆 縣(市)長選舉,縣(市)長選舉,19,2022-11-26,金門縣,03,林志錦,M,1972,無黨籍及未經政黨推薦,141,0.3,N,N,,,
2022,第 19 屆 縣(市)長選舉,縣(市)長選舉,19,2022-11-26,金門縣,04,楊鎮浯,M,1972,中國國民黨,19340,41.05,N,Y,,,
2022,第 19 屆 縣(市)長選舉,縣(市)長選舉,19,2022-11-26,金門縣,05,陳福海,M,1963,無黨籍及未經政黨推薦,23248,49.34,Y,N,,,
2022,第 19 屆 縣(市)長選舉,縣(市)長選舉,19,2022-11-26,金門縣,06,洪志,M,1968,無黨籍及未經政黨推薦,752,1.6,N,N,,,
2022,第 19 屆 縣(市)長選舉,縣(市)長選舉,19,2022-11-26,連江縣,01,李問,M,1989,民主進步黨,586,6.89,N,N,,,
2022,第 19 屆 縣(市)長選舉,縣(市)長選舉,19,2022-11-26,連江縣,02,曹爾元,M,1958,中國國民黨,3582,42.12,N,N,,,
2022,第 19 屆 縣(市)長選舉,縣(市)長選舉,19,2022-11-26,連江縣,03,王忠銘,M,1958,中國國民黨,4337,50.99,Y,N,,,
