選舉年度,選舉別,選舉概況表_url,候選人得票明細_url,候選人資歷統計_pdf,當選人資歷統計_pdf,政黨得票統計_pdf,政黨候選人數與當選席次_pdf
1996,第 09 任 總統(副總統)選舉,https://vote.nccu.edu.tw/cec/vote421.asp?pass1=I9AA>I8888888888iii((,https://vote.nccu.edu.tw/cec/vote3.asp?pass1=I9AA>I8888888888iii((,https://vote.nccu.edu.tw/cec/A1996003.PDF,https://vote.nccu.edu.tw/cec/A1996004.PDF,https://vote.nccu.edu.tw/cec/A1996005.PDF,https://vote.nccu.edu.tw/cec/A1996006.PDF
2000,第 10 任 總統(副總統)選舉,https://vote.nccu.edu.tw/cec/vote421.asp?pass1=I:888I8888888888iii((,https://vote.nccu.edu.tw/cec/vote3.asp?pass1=I:888I8888888888iii((,https://vote.nccu.edu.tw/cec/A2000003.PDF,https://vote.nccu.edu.tw/cec/A2000004.PDF,https://vote.nccu.edu.tw/cec/A2000005.PDF,https://vote.nccu.edu.tw/cec/A2000006.PDF
2004,第 11 任 總統(副總統)選舉,https://vote.nccu.edu.tw/cec/vote421.asp?pass1=I:88<I8888888888iii((,https://vote.nccu.edu.tw/cec/vote3.asp?pass1=I:88<I8888888888iii((,https://vote.nccu.edu.tw/cec/A2004003.PDF,https://vote.nccu.edu.tw/cec/A2004004.PDF,https://vote.nccu.edu.tw/cec/A2004005.PDF,https://vote.nccu.edu.tw/cec/A2004006.PDF
2008,第 12 任 總統(副總統)選舉,https://vote.nccu.edu.tw/cec/vote421.asp?pass1=I:88@I8888888888iii((,https://vote.nccu.edu.tw/cec/vote3.asp?pass1=I:88@I8888888888iii((,https://vote.nccu.edu.tw/cec/A2008003.PDF,https://vote.nccu.edu.tw/cec/A2008004.PDF,https://vote.nccu.edu.tw/cec/A2008005.PDF,https://vote.nccu.edu.tw/cec/A2008006.PDF
2012,第 13 任 總統(副總統)選舉,https://vote.nccu.edu.tw/cec/vote421.asp?pass1=I:89:I8888888888iii((,https://vote.nccu.edu.tw/cec/vote3.asp?pass1=I:89:I8888888888iii((,https://vote.nccu.edu.tw/cec/A2012003.PDF,https://vote.nccu.edu.tw/cec/A2012004.PDF,https://vote.nccu.edu.tw/cec/A2012005.PDF,https://vote.nccu.edu.tw/cec/A2012006.PDF
2016,第 14 任 總統(副總統)選舉,https://vote.nccu.edu.tw/cec/vote421.asp?pass1=I:89>I8888888888iii((,https://vote.nccu.edu.tw/cec/vote3.asp?pass1=I:89>I8888888888iii((,https://vote.nccu.edu.tw/cec/A2016003.PDF,https://vote.nccu.edu.tw/cec/A2016004.PDF,https://vote.nccu.edu.tw/cec/A2016005.PDF,https://vote.nccu.edu.tw/cec/A2016006.PDF
2020,第 15 任 總統(副總統)選舉,https://vote.nccu.edu.tw/cec/vote421.asp?pass1=I:8:8I8888888888iii((,https://vote.nccu.edu.tw/cec/vote3.asp?pass1=I:8:8I8888888888iii((,https://vote.nccu.edu.tw/cec/A2020003.PDF,https://vote.nccu.edu.tw/cec/A2020004.PDF,https://vote.nccu.edu.tw/cec/A2020005.PDF,https://vote.nccu.edu.tw/cec/A2020006.PDF
2024,第 16任 總統(副總統)選舉,https://vote.nccu.edu.tw/cec/vote421.asp?pass1=I:8:<I8888888888iii((,https://vote.nccu.edu.tw/cec/vote3.asp?pass1=I:8:<I8888888888iii((,https://vote.nccu.edu.tw/cec/A2024003.PDF,https://vote.nccu.edu.tw/cec/A2024004.PDF,https://vote.nccu.edu.tw/cec/A2024005.PDF,https://vote.nccu.edu.tw/cec/A2024006.PDF
1992,第 02 屆 立法委員選舉,,,https://vote.nccu.edu.tw/cec/B1992003.PDF,https://vote.nccu.edu.tw/cec/B1992004.PDF,https://vote.nccu.edu.tw/cec/B1992005.PDF,https://vote.nccu.edu.tw/cec/B1992006.PDF
1995,第 03 屆 立法委員選舉,,,https://vote.nccu.edu.tw/cec/B1995003.PDF,https://vote.nccu.edu.tw/cec/B1995004.PDF,https://vote.nccu.edu.tw/cec/B1995005.PDF,https://vote.nccu.edu.tw/cec/B1995006.PDF
1998,第 04 屆 立法委員選舉,,,https://vote.nccu.edu.tw/cec/B1998003.PDF,https://vote.nccu.edu.tw/cec/B1998004.PDF,https://vote.nccu.edu.tw/cec/B1998005.PDF,https://vote.nccu.edu.tw/cec/B1998006.PDF
2001,第 05 屆 立法委員選舉,,,https://vote.nccu.edu.tw/cec/B2001003.PDF,https://vote.nccu.edu.tw/cec/B2001004.PDF,https://vote.nccu.edu.tw/cec/B2001005.PDF,https://vote.nccu.edu.tw/cec/B2001006.PDF
2004,第 06 屆 立法委員選舉,,,https://vote.nccu.edu.tw/cec/B2004003.PDF,https://vote.nccu.edu.tw/cec/B2004004.PDF,https://vote.nccu.edu.tw/cec/B2004005.PDF,https://vote.nccu.edu.tw/cec/B2004006.PDF
2008,第 07 屆 立法委員選舉,,,https://vote.nccu.edu.tw/cec/B2008003.PDF,https://vote.nccu.edu.tw/cec/B2008004.PDF,https://vote.nccu.edu.tw/cec/B2008005.PDF,https://vote.nccu.edu.tw/cec/B2008006.PDF
2012,第 08 屆 立法委員選舉,,,https://vote.nccu.edu.tw/cec/B2012003.PDF,https://vote.nccu.edu.tw/cec/B2012004.PDF,https://vote.nccu.edu.tw/cec/B2012005.PDF,https://vote.nccu.edu.tw/cec/B2012006.PDF
2016,第 09 屆 立法委員選舉,,,https://vote.nccu.edu.tw/cec/B2016003.PDF,https://vote.nccu.edu.tw/cec/B2016004.PDF,https://vote.nccu.edu.tw/cec/B2016005.PDF,https://vote.nccu.edu.tw/cec/B2016006.PDF
2020,第10 屆 立法委員選舉,,,https://vote.nccu.edu.tw/cec/B2020003.PDF,https://vote.nccu.edu.tw/cec/B2020004.PDF,https://vote.nccu.edu.tw/cec/B2020005.PDF,https://vote.nccu.edu.tw/cec/B2020006.PDF
2024,第11 屆 立法委員選舉,,,https://vote.nccu.edu.tw/cec/B2024003.PDF,https://vote.nccu.edu.tw/cec/B2024004.PDF,https://vote.nccu.edu.tw/cec/B2024005.PDF,https://vote.nccu.edu.tw/cec/B2024006.PDF
1996,第 03 屆 國大代表選舉,,,https://vote.nccu.edu.tw/cec/C1996003.PDF,https://vote.nccu.edu.tw/cec/C1996004.PDF,https://vote.nccu.edu.tw/cec/C1996005.PDF,https://vote.nccu.edu.tw/cec/C1996006.PDF
1994,第 01 屆 台灣省長選舉,https://vote.nccu.edu.tw/cec/vote421.asp?pass1=L9AA<8>:88888888iii((,https://vote.nccu.edu.tw/cec/vote3.asp?pass1=L9AA<I>:88888888iii((,https://vote.nccu.edu.tw/cec/D1994623.PDF,https://vote.nccu.edu.tw/cec/D1994624.PDF,https://vote.nccu.edu.tw/cec/D1994625.PDF,https://vote.nccu.edu.tw/cec/D1994626.PDF
1994,第 01 屆 台北市長選舉,https://vote.nccu.edu.tw/cec/vote421.asp?pass1=L9AA<8>;88888888iii((,https://vote.nccu.edu.tw/cec/vote3.asp?pass1=L9AA<I>;88888888iii((,https://vote.nccu.edu.tw/cec/D1994633.PDF,https://vote.nccu.edu.tw/cec/D1994634.PDF,https://vote.nccu.edu.tw/cec/D1994635.PDF,https://vote.nccu.edu.tw/cec/D1994636.PDF
1994,第 01 屆 直轄市高雄市長選舉,https://vote.nccu.edu.tw/cec/vote421.asp?pass1=L9AA<8><88888888iii((,https://vote.nccu.edu.tw/cec/vote3.asp?pass1=L9AA<I><88888888iii((,https://vote.nccu.edu.tw/cec/D1994643.PDF,https://vote.nccu.edu.tw/cec/D1994644.PDF,https://vote.nccu.edu.tw/cec/D1994645.PDF,https://vote.nccu.edu.tw/cec/D1994646.PDF
1998,第 02 屆 直轄市台北市長選舉,https://vote.nccu.edu.tw/cec/vote421.asp?pass1=L9AA@8>;88888888iii((,https://vote.nccu.edu.tw/cec/vote3.asp?pass1=L9AA@I>;88888888iii((,https://vote.nccu.edu.tw/cec/D1998633.PDF,https://vote.nccu.edu.tw/cec/D1998634.PDF,https://vote.nccu.edu.tw/cec/D1998635.PDF,https://vote.nccu.edu.tw/cec/D1998636.PDF
1998,第 02 屆 直轄市高雄市長選舉,https://vote.nccu.edu.tw/cec/vote421.asp?pass1=L9AA@8><88888888iii((,https://vote.nccu.edu.tw/cec/vote3.asp?pass1=L9AA@I><88888888iii((,https://vote.nccu.edu.tw/cec/D1998643.PDF,https://vote.nccu.edu.tw/cec/D1998644.PDF,https://vote.nccu.edu.tw/cec/D1998645.PDF,https://vote.nccu.edu.tw/cec/D1998646.PDF
2002,第 03 屆 直轄市台北市長選舉,https://vote.nccu.edu.tw/cec/vote421.asp?pass1=L:88:8>;88888888iii((,https://vote.nccu.edu.tw/cec/vote3.asp?pass1=L:88:I>;88888888iii((,https://vote.nccu.edu.tw/cec/D2002633.PDF,https://vote.nccu.edu.tw/cec/D2002634.PDF,https://vote.nccu.edu.tw/cec/D2002635.PDF,https://vote.nccu.edu.tw/cec/D2002636.PDF
2002,第 03 屆 直轄市高雄市長選舉,https://vote.nccu.edu.tw/cec/vote421.asp?pass1=L:88:8><88888888iii((,https://vote.nccu.edu.tw/cec/vote3.asp?pass1=L:88:I><88888888iii((,https://vote.nccu.edu.tw/cec/D2002643.PDF,https://vote.nccu.edu.tw/cec/D2002644.PDF,https://vote.nccu.edu.tw/cec/D2002645.PDF,https://vote.nccu.edu.tw/cec/D2002646.PDF
2006,第 04 屆 直轄市台北市長選舉,https://vote.nccu.edu.tw/cec/vote421.asp?pass1=L:88>8>;88888888iii((,https://vote.nccu.edu.tw/cec/vote3.asp?pass1=L:88>I>;88888888iii((,https://vote.nccu.edu.tw/cec/D2006633.PDF,https://vote.nccu.edu.tw/cec/D2006634.PDF,https://vote.nccu.edu.tw/cec/D2006635.PDF,https://vote.nccu.edu.tw/cec/D2006636.PDF
2006,第 04 屆 直轄市高雄市長選舉,https://vote.nccu.edu.tw/cec/vote421.asp?pass1=L:88>8><88888888iii((,https://vote.nccu.edu.tw/cec/vote3.asp?pass1=L:88>I><88888888iii((,https://vote.nccu.edu.tw/cec/D2006643.PDF,https://vote.nccu.edu.tw/cec/D2006644.PDF,https://vote.nccu.edu.tw/cec/D2006645.PDF,https://vote.nccu.edu.tw/cec/D2006646.PDF
2010,第 05 屆 直轄市台北市長選舉,https://vote.nccu.edu.tw/cec/vote421.asp?pass1=L:8988>;88888888iii((,https://vote.nccu.edu.tw/cec/vote3.asp?pass1=L:898I>;88888888iii((,https://vote.nccu.edu.tw/cec/D2010633.PDF,https://vote.nccu.edu.tw/cec/D2010634.PDF,https://vote.nccu.edu.tw/cec/D2010635.PDF,https://vote.nccu.edu.tw/cec/D2010636.PDF
2010,第 01 屆 直轄市高雄市長選舉,https://vote.nccu.edu.tw/cec/vote421.asp?pass1=L:8988><88888888iii((,https://vote.nccu.edu.tw/cec/vote3.asp?pass1=L:898I><88888888iii((,https://vote.nccu.edu.tw/cec/D2010643.PDF,https://vote.nccu.edu.tw/cec/D2010644.PDF,https://vote.nccu.edu.tw/cec/D2010645.PDF,https://vote.nccu.edu.tw/cec/D2010646.PDF
2010,第 01 屆 直轄市新北市長選舉,https://vote.nccu.edu.tw/cec/vote421.asp?pass1=L:8988>=88888888iii((,https://vote.nccu.edu.tw/cec/vote3.asp?pass1=L:898I>=88888888iii((,https://vote.nccu.edu.tw/cec/D2010653.PDF,https://vote.nccu.edu.tw/cec/D2010654.PDF,https://vote.nccu.edu.tw/cec/D2010655.PDF,https://vote.nccu.edu.tw/cec/D2010656.PDF
2010,第 01 屆 直轄市台中市長選舉,https://vote.nccu.edu.tw/cec/vote421.asp?pass1=L:8988>>88888888iii((,https://vote.nccu.edu.tw/cec/vote3.asp?pass1=L:898I>>88888888iii((,https://vote.nccu.edu.tw/cec/D2010663.PDF,https://vote.nccu.edu.tw/cec/D2010664.PDF,https://vote.nccu.edu.tw/cec/D2010665.PDF,https://vote.nccu.edu.tw/cec/D2010666.PDF
2010,第 01 屆 直轄市台南市長選舉,https://vote.nccu.edu.tw/cec/vote421.asp?pass1=L:8988>?88888888iii((,https://vote.nccu.edu.tw/cec/vote3.asp?pass1=L:898I>?88888888iii((,https://vote.nccu.edu.tw/cec/D2010673.PDF,https://vote.nccu.edu.tw/cec/D2010674.PDF,https://vote.nccu.edu.tw/cec/D2010675.PDF,https://vote.nccu.edu.tw/cec/D2010676.PDF
2014,第 06屆 直轄市台北市長選舉,https://vote.nccu.edu.tw/cec/vote421.asp?pass1=L:89<8>;88888888iii((,https://vote.nccu.edu.tw/cec/vote3.asp?pass1=L:89<I>;88888888iii((,https://vote.nccu.edu.tw/cec/D2014633.PDF,https://vote.nccu.edu.tw/cec/D2014634.PDF,https://vote.nccu.edu.tw/cec/D2014635.PDF,https://vote.nccu.edu.tw/cec/D2014636.PDF
2014,第 02 屆 直轄市高雄市長選舉,https://vote.nccu.edu.tw/cec/vote421.asp?pass1=L:89<8><88888888iii((,https://vote.nccu.edu.tw/cec/vote3.asp?pass1=L:89<I><88888888iii((,https://vote.nccu.edu.tw/cec/D2014643.PDF,https://vote.nccu.edu.tw/cec/D2014644.PDF,https://vote.nccu.edu.tw/cec/D2014645.PDF,https://vote.nccu.edu.tw/cec/D2014646.PDF
2014,第 02 屆 直轄市新北市長選舉,https://vote.nccu.edu.tw/cec/vote421.asp?pass1=L:89<8>=88888888iii((,https://vote.nccu.edu.tw/cec/vote3.asp?pass1=L:89<I>=88888888iii((,https://vote.nccu.edu.tw/cec/D2014653.PDF,https://vote.nccu.edu.tw/cec/D2014654.PDF,https://vote.nccu.edu.tw/cec/D2014655.PDF,https://vote.nccu.edu.tw/cec/D2014656.PDF
2014,第 02屆 直轄市台中市長選舉,https://vote.nccu.edu.tw/cec/vote421.asp?pass1=L:89<8>>88888888iii((,https://vote.nccu.edu.tw/cec/vote3.asp?pass1=L:89<I>>88888888iii((,https://vote.nccu.edu.tw/cec/D2014663.PDF,https://vote.nccu.edu.tw/cec/D2014664.PDF,https://vote.nccu.edu.tw/cec/D2014665.PDF,https://vote.nccu.edu.tw/cec/D2014666.PDF
2014,第 02 屆 直轄市台南市長選舉,https://vote.nccu.edu.tw/cec/vote421.asp?pass1=L:89<8>?88888888iii((,https://vote.nccu.edu.tw/cec/vote3.asp?pass1=L:89<I>?88888888iii((,https://vote.nccu.edu.tw/cec/D2014673.PDF,https://vote.nccu.edu.tw/cec/D2014674.PDF,https://vote.nccu.edu.tw/cec/D2014675.PDF,https://vote.nccu.edu.tw/cec/D2014676.PDF
2014,第 01 屆 直轄市桃園市長選舉,https://vote.nccu.edu.tw/cec/vote421.asp?pass1=L:89<8>@88888888iii((,https://vote.nccu.edu.tw/cec/vote3.asp?pass1=L:89<I>@88888888iii((,https://vote.nccu.edu.tw/cec/D2014683.PDF,https://vote.nccu.edu.tw/cec/D2014684.PDF,https://vote.nccu.edu.tw/cec/D2014685.PDF,https://vote.nccu.edu.tw/cec/D2014686.PDF
2018,第 07 屆 直轄市台北市長選舉,https://vote.nccu.edu.tw/cec/vote421.asp?pass1=L:89@8>;88888888iii((,https://vote.nccu.edu.tw/cec/vote3.asp?pass1=L:89@I>;88888888iii((,https://vote.nccu.edu.tw/cec/D2018633.PDF,https://vote.nccu.edu.tw/cec/D2018634.PDF,https://vote.nccu.edu.tw/cec/D2018635.PDF,https://vote.nccu.edu.tw/cec/D2018636.PDF
2018,第 03 屆 直轄市高雄市長選舉,https://vote.nccu.edu.tw/cec/vote421.asp?pass1=L:89@8><88888888iii((,https://vote.nccu.edu.tw/cec/vote3.asp?pass1=L:89@I><88888888iii((,https://vote.nccu.edu.tw/cec/D2018643.PDF,https://vote.nccu.edu.tw/cec/D2018644.PDF,https://vote.nccu.edu.tw/cec/D2018645.PDF,https://vote.nccu.edu.tw/cec/D2018646.PDF
2018,第 03 屆 直轄市新北市長選舉,https://vote.nccu.edu.tw/cec/vote421.asp?pass1=L:89@8>=88888888iii((,https://vote.nccu.edu.tw/cec/vote3.asp?pass1=L:89@I>=88888888iii((,https://vote.nccu.edu.tw/cec/D2018653.PDF,https://vote.nccu.edu.tw/cec/D2018654.PDF,https://vote.nccu.edu.tw/cec/D2018655.PDF,https://vote.nccu.edu.tw/cec/D2018656.PDF
2018,第 03 屆 直轄市台中市長選舉,https://vote.nccu.edu.tw/cec/vote421.asp?pass1=L:89@8>>88888888iii((,https://vote.nccu.edu.tw/cec/vote3.asp?pass1=L:89@I>>88888888iii((,https://vote.nccu.edu.tw/cec/D2018663.PDF,https://vote.nccu.edu.tw/cec/D2018664.PDF,https://vote.nccu.edu.tw/cec/D2018665.PDF,https://vote.nccu.edu.tw/cec/D2018666.PDF
2018,第 03 屆 直轄市台南市長選舉,https://vote.nccu.edu.tw/cec/vote421.asp?pass1=L:89@8>?88888888iii((,https://vote.nccu.edu.tw/cec/vote3.asp?pass1=L:89@I>?88888888iii((,https://vote.nccu.edu.tw/cec/D2018673.PDF,https://vote.nccu.edu.tw/cec/D2018674.PDF,https://vote.nccu.edu.tw/cec/D2018675.PDF,https://vote.nccu.edu.tw/cec/D2018676.PDF
2018,第 02 屆 直轄市桃園市長選舉,https://vote.nccu.edu.tw/cec/vote421.asp?pass1=L:89@8>@88888888iii((,https://vote.nccu.edu.tw/cec/vote3.asp?pass1=L:89@I>@88888888iii((,https://vote.nccu.edu.tw/cec/D2018683.PDF,https://vote.nccu.edu.tw/cec/D2018684.PDF,https://vote.nccu.edu.tw/cec/D2018685.PDF,https://vote.nccu.edu.tw/cec/D2018686.PDF
2022,第 08 屆 直轄市台北市長選舉,https://vote.nccu.edu.tw/cec/vote421.asp?pass1=L:8::8>;88888888iii((,https://vote.nccu.edu.tw/cec/vote3.asp?pass1=L:8::I>;88888888iii((,https://vote.nccu.edu.tw/cec/D2022633.PDF,https://vote.nccu.edu.tw/cec/D2022634.PDF,https://vote.nccu.edu.tw/cec/D2022635.PDF,https://vote.nccu.edu.tw/cec/D2022636.PDF
2022,第 04屆 直轄市高雄市長選舉,https://vote.nccu.edu.tw/cec/vote421.asp?pass1=L:8::8><88888888iii((,https://vote.nccu.edu.tw/cec/vote3.asp?pass1=L:8::I><88888888iii((,https://vote.nccu.edu.tw/cec/D2022643.PDF,https://vote.nccu.edu.tw/cec/D2022644.PDF,https://vote.nccu.edu.tw/cec/D2022645.PDF,https://vote.nccu.edu.tw/cec/D2022646.PDF
2022,第 04屆 直轄市新北市長選舉,https://vote.nccu.edu.tw/cec/vote421.asp?pass1=L:8::8>=88888888iii((,https://vote.nccu.edu.tw/cec/vote3.asp?pass1=L:8::I>=88888888iii((,https://vote.nccu.edu.tw/cec/D2022653.PDF,https://vote.nccu.edu.tw/cec/D2022654.PDF,https://vote.nccu.edu.tw/cec/D2022655.PDF,https://vote.nccu.edu.tw/cec/D2022656.PDF
2022,第 04 屆 直轄市台中市長選舉,https://vote.nccu.edu.tw/cec/vote421.asp?pass1=L:8::8>>88888888iii((,https://vote.nccu.edu.tw/cec/vote3.asp?pass1=L:8::I>>88888888iii((,https://vote.nccu.edu.tw/cec/D2022663.PDF,https://vote.nccu.edu.tw/cec/D2022664.PDF,https://vote.nccu.edu.tw/cec/D2022665.PDF,https://vote.nccu.edu.tw/cec/D2022666.PDF
2022,第 04 屆 直轄市台南市長選舉,https://vote.nccu.edu.tw/cec/vote421.asp?pass1=L:8::8>?88888888iii((,https://vote.nccu.edu.tw/cec/vote3.asp?pass1=L:8::I>?88888888iii((,https://vote.nccu.edu.tw/cec/D2022673.PDF,https://vote.nccu.edu.tw/cec/D2022674.PDF,https://vote.nccu.edu.tw/cec/D2022675.PDF,https://vote.nccu.edu.tw/cec/D2022676.PDF
2022,第 03 屆 直轄市桃園市長選舉,https://vote.nccu.edu.tw/cec/vote421.asp?pass1=L:8::8>@88888888iii((,https://vote.nccu.edu.tw/cec/vote3.asp?pass1=L:8::I>@88888888iii((,https://vote.nccu.edu.tw/cec/D2022683.PDF,https://vote.nccu.edu.tw/cec/D2022684.PDF,https://vote.nccu.edu.tw/cec/D2022685.PDF,https://vote.nccu.edu.tw/cec/D2022686.PDF
1994,第 10 屆 台灣省議員選舉,,,https://vote.nccu.edu.tw/cec/E1994623.PDF,https://vote.nccu.edu.tw/cec/E1994624.PDF,https://vote.nccu.edu.tw/cec/E1994625.PDF,https://vote.nccu.edu.tw/cec/E1994626.PDF
1994,第 07 屆 直轄市台北市議員選舉,,,https://vote.nccu.edu.tw/cec/E1994633.PDF,https://vote.nccu.edu.tw/cec/E1994634.PDF,https://vote.nccu.edu.tw/cec/E1994635.PDF,https://vote.nccu.edu.tw/cec/E1994636.PDF
1994,第 04 屆 直轄市高雄市議員選舉,,,https://vote.nccu.edu.tw/cec/E1994643.PDF,https://vote.nccu.edu.tw/cec/E1994644.PDF,https://vote.nccu.edu.tw/cec/E1994645.PDF,https://vote.nccu.edu.tw/cec/E1994646.PDF
1998,第 08 屆 直轄市台北市議員選舉,,,https://vote.nccu.edu.tw/cec/E1998633.PDF,https://vote.nccu.edu.tw/cec/E1998634.PDF,https://vote.nccu.edu.tw/cec/E1998635.PDF,https://vote.nccu.edu.tw/cec/E1998636.PDF
1998,第 05 屆 直轄市高雄市議員選舉,,,https://vote.nccu.edu.tw/cec/E1998643.PDF,https://vote.nccu.edu.tw/cec/E1998644.PDF,https://vote.nccu.edu.tw/cec/E1998645.PDF,https://vote.nccu.edu.tw/cec/E1998646.PDF
2002,第 09 屆 直轄市台北市議員選舉,,,https://vote.nccu.edu.tw/cec/E2002633.PDF,https://vote.nccu.edu.tw/cec/E2002634.PDF,https://vote.nccu.edu.tw/cec/E2002635.PDF,https://vote.nccu.edu.tw/cec/E2002636.PDF
2002,第 06 屆 直轄市高雄市議員選舉,,,https://vote.nccu.edu.tw/cec/E2002643.PDF,https://vote.nccu.edu.tw/cec/E2002644.PDF,https://vote.nccu.edu.tw/cec/E2002645.PDF,https://vote.nccu.edu.tw/cec/E2002646.PDF
2006,第 10 屆 直轄市台北市議員選舉,,,https://vote.nccu.edu.tw/cec/E2006633.PDF,https://vote.nccu.edu.tw/cec/E2006634.PDF,https://vote.nccu.edu.tw/cec/E2006635.PDF,https://vote.nccu.edu.tw/cec/E2006636.PDF
2006,第 07 屆 直轄市高雄市議員選舉,,,https://vote.nccu.edu.tw/cec/E2006643.PDF,https://vote.nccu.edu.tw/cec/E2006644.PDF,https://vote.nccu.edu.tw/cec/E2006645.PDF,https://vote.nccu.edu.tw/cec/E2006646.PDF
2010,第 11 屆 台北市議員選舉,,,https://vote.nccu.edu.tw/cec/E2010633.PDF,https://vote.nccu.edu.tw/cec/E2010634.PDF,https://vote.nccu.edu.tw/cec/E2010635.PDF,https://vote.nccu.edu.tw/cec/E2010636.PDF
2010,第 01 屆 直轄市高雄市議員選舉,,,https://vote.nccu.edu.tw/cec/E2010643.PDF,https://vote.nccu.edu.tw/cec/E2010644.PDF,https://vote.nccu.edu.tw/cec/E2010645.PDF,https://vote.nccu.edu.tw/cec/E2010646.PDF
2010,第 01 屆 直轄市新北市議員選舉,,,https://vote.nccu.edu.tw/cec/E2010653.PDF,https://vote.nccu.edu.tw/cec/E2010654.PDF,https://vote.nccu.edu.tw/cec/E2010655.PDF,https://vote.nccu.edu.tw/cec/E2010656.PDF
2010,第 01 屆 直轄市台中市議員選舉,,,https://vote.nccu.edu.tw/cec/E2010663.PDF,https://vote.nccu.edu.tw/cec/E2010664.PDF,https://vote.nccu.edu.tw/cec/E2010665.PDF,https://vote.nccu.edu.tw/cec/E2010666.PDF
2010,第 01 屆 直轄市台南市議員選舉,,,https://vote.nccu.edu.tw/cec/E2010673.PDF,https://vote.nccu.edu.tw/cec/E2010674.PDF,https://vote.nccu.edu.tw/cec/E2010675.PDF,https://vote.nccu.edu.tw/cec/E2010676.PDF
2014,第 12屆 台北市議員選舉,,,https://vote.nccu.edu.tw/cec/E2014633.PDF,https://vote.nccu.edu.tw/cec/E2014634.PDF,https://vote.nccu.edu.tw/cec/E2014635.PDF,https://vote.nccu.edu.tw/cec/E2014636.PDF
2014,第 02 屆 直轄市高雄市議員選舉,,,https://vote.nccu.edu.tw/cec/E2014643.PDF,https://vote.nccu.edu.tw/cec/E2014644.PDF,https://vote.nccu.edu.tw/cec/E2014645.PDF,https://vote.nccu.edu.tw/cec/E2014646.PDF
2014,第 02 屆 直轄市新北市議員選舉,,,https://vote.nccu.edu.tw/cec/E2014653.PDF,https://vote.nccu.edu.tw/cec/E2014654.PDF,https://vote.nccu.edu.tw/cec/E2014655.PDF,https://vote.nccu.edu.tw/cec/E2014656.PDF
2014,第 02 屆 直轄市台中市議員選舉,,,https://vote.nccu.edu.tw/cec/E2014663.PDF,https://vote.nccu.edu.tw/cec/E2014664.PDF,https://vote.nccu.edu.tw/cec/E2014665.PDF,https://vote.nccu.edu.tw/cec/E2014666.PDF
2014,第 02 屆 直轄市台南市議員選舉,,,https://vote.nccu.edu.tw/cec/E2014673.PDF,https://vote.nccu.edu.tw/cec/E2014674.PDF,https://vote.nccu.edu.tw/cec/E2014675.PDF,https://vote.nccu.edu.tw/cec/E2014676.PDF
2014,第 01 屆 直轄市桃園市議員選舉,,,https://vote.nccu.edu.tw/cec/E2014683.PDF,https://vote.nccu.edu.tw/cec/E2014684.PDF,https://vote.nccu.edu.tw/cec/E2014685.PDF,https://vote.nccu.edu.tw/cec/E2014686.PDF
2018,第 13 屆 台北市議員選舉,,,https://vote.nccu.edu.tw/cec/E2018633.PDF,https://vote.nccu.edu.tw/cec/E2018634.PDF,https://vote.nccu.edu.tw/cec/E2018635.PDF,https://vote.nccu.edu.tw/cec/E2018636.PDF
2018,第 03 屆 直轄市高雄市議員選舉,,,https://vote.nccu.edu.tw/cec/E2018643.PDF,https://vote.nccu.edu.tw/cec/E2018644.PDF,https://vote.nccu.edu.tw/cec/E2018645.PDF,https://vote.nccu.edu.tw/cec/E2018646.PDF
2018,第 03 屆 直轄市新北市議員選舉,,,https://vote.nccu.edu.tw/cec/E2018653.PDF,https://vote.nccu.edu.tw/cec/E2018654.PDF,https://vote.nccu.edu.tw/cec/E2018655.PDF,https://vote.nccu.edu.tw/cec/E2018656.PDF
2018,第 03 屆 直轄市台中市議員選舉,,,https://vote.nccu.edu.tw/cec/E2018663.PDF,https://vote.nccu.edu.tw/cec/E2018664.PDF,https://vote.nccu.edu.tw/cec/E2018665.PDF,https://vote.nccu.edu.tw/cec/E2018666.PDF
2018,第 03 屆 直轄市台南市議員選舉,,,https://vote.nccu.edu.tw/cec/E2018673.PDF,https://vote.nccu.edu.tw/cec/E2018674.PDF,https://vote.nccu.edu.tw/cec/E2018675.PDF,https://vote.nccu.edu.tw/cec/E2018676.PDF
2018,第 02 屆 直轄市桃園市議員選舉,,,https://vote.nccu.edu.tw/cec/E2018683.PDF,https://vote.nccu.edu.tw/cec/E2018684.PDF,https://vote.nccu.edu.tw/cec/E2018685.PDF,https://vote.nccu.edu.tw/cec/E2018686.PDF
2022,第 14屆 台北市議員選舉,,,https://vote.nccu.edu.tw/cec/E2022633.PDF,https://vote.nccu.edu.tw/cec/E2022634.PDF,https://vote.nccu.edu.tw/cec/E2022635.PDF,https://vote.nccu.edu.tw/cec/E2022636.PDF
2022,第 04 屆 直轄市高雄市議員選舉,,,https://vote.nccu.edu.tw/cec/E2022643.PDF,https://vote.nccu.edu.tw/cec/E2022644.PDF,https://vote.nccu.edu.tw/cec/E2022645.PDF,https://vote.nccu.edu.tw/cec/E2022646.PDF
2022,第 04屆 直轄市新北市議員選舉,,,https://vote.nccu.edu.tw/cec/E2022653.PDF,https://vote.nccu.edu.tw/cec/E2022654.PDF,https://vote.nccu.edu.tw/cec/E2022655.PDF,https://vote.nccu.edu.tw/cec/E2022656.PDF
2022,第 04 屆 直轄市台中市議員選舉,,,https://vote.nccu.edu.tw/cec/E2022663.PDF,https://vote.nccu.edu.tw/cec/E2022664.PDF,https://vote.nccu.edu.tw/cec/E2022665.PDF,https://vote.nccu.edu.tw/cec/E2022666.PDF
2022,第 04 屆 直轄市台南市議員選舉,,,https://vote.nccu.edu.tw/cec/E2022673.PDF,https://vote.nccu.edu.tw/cec/E2022674.PDF,https://vote.nccu.edu.tw/cec/E2022675.PDF,https://vote.nccu.edu.tw/cec/E2022676.PDF
2022,第 03 屆 直轄市桃園市議員選舉,,,https://vote.nccu.edu.tw/cec/E2022683.PDF,https://vote.nccu.edu.tw/cec/E2022684.PDF,https://vote.nccu.edu.tw/cec/E2022685.PDF,https://vote.nccu.edu.tw/cec/E2022686.PDF
1993,第 12 屆 縣(市)長選舉,https://vote.nccu.edu.tw/cec/vote421.asp?pass1=N9AA;I8888888888iii((,https://vote.nccu.edu.tw/cec/vote3.asp?pass1=N9AA;I8888888888iii((,https://vote.nccu.edu.tw/cec/F1993003.PDF,https://vote.nccu.edu.tw/cec/F1993004.PDF,https://vote.nccu.edu.tw/cec/F1993005.PDF,https://vote.nccu.edu.tw/cec/F1993006.PDF
1997,第 13 屆 縣(市)長選舉,https://vote.nccu.edu.tw/cec/vote421.asp?pass1=N9AA?I8888888888iii((,https://vote.nccu.edu.tw/cec/vote3.asp?pass1=N9AA?I8888888888iii((,https://vote.nccu.edu.tw/cec/F1997003.PDF,https://vote.nccu.edu.tw/cec/F1997004.PDF,https://vote.nccu.edu.tw/cec/F1997005.PDF,https://vote.nccu.edu.tw/cec/F1997006.PDF
2001,第 14 屆 縣(市)長選舉,https://vote.nccu.edu.tw/cec/vote421.asp?pass1=N:889I8888888888iii((,https://vote.nccu.edu.tw/cec/vote3.asp?pass1=N:889I8888888888iii((,https://vote.nccu.edu.tw/cec/F2001003.PDF,https://vote.nccu.edu.tw/cec/F2001004.PDF,https://vote.nccu.edu.tw/cec/F2001005.PDF,https://vote.nccu.edu.tw/cec/F2001006.PDF
2005,第 15 屆 縣(市)長選舉,https://vote.nccu.edu.tw/cec/vote421.asp?pass1=N:88=I8888888888iii((,https://vote.nccu.edu.tw/cec/vote3.asp?pass1=N:88=I8888888888iii((,https://vote.nccu.edu.tw/cec/F2005003.PDF,https://vote.nccu.edu.tw/cec/F2005004.PDF,https://vote.nccu.edu.tw/cec/F2005005.PDF,https://vote.nccu.edu.tw/cec/F2005006.PDF
2009,第 16 屆 縣(市)長選舉,https://vote.nccu.edu.tw/cec/vote421.asp?pass1=N:88AI8888888888iii((,https://vote.nccu.edu.tw/cec/vote3.asp?pass1=N:88AI8888888888iii((,https://vote.nccu.edu.tw/cec/F2009003.PDF,https://vote.nccu.edu.tw/cec/F2009004.PDF,https://vote.nccu.edu.tw/cec/F2009005.PDF,https://vote.nccu.edu.tw/cec/F2009006.PDF
2014,第 17 屆 縣(市)長選舉,https://vote.nccu.edu.tw/cec/vote421.asp?pass1=N:89<I8888888888iii((,https://vote.nccu.edu.tw/cec/vote3.asp?pass1=N:89<I8888888888iii((,https://vote.nccu.edu.tw/cec/F2014003.PDF,https://vote.nccu.edu.tw/cec/F2014004.PDF,https://vote.nccu.edu.tw/cec/F2014005.PDF,https://vote.nccu.edu.tw/cec/F2014006.PDF
2018,第 18 屆 縣(市)長選舉,https://vote.nccu.edu.tw/cec/vote421.asp?pass1=N:89@I8888888888iii((,https://vote.nccu.edu.tw/cec/vote3.asp?pass1=N:89@I8888888888iii((,https://vote.nccu.edu.tw/cec/F2018003.PDF,https://vote.nccu.edu.tw/cec/F2018004.PDF,https://vote.nccu.edu.tw/cec/F2018005.PDF,https://vote.nccu.edu.tw/cec/F2018006.PDF
2022,第 19 屆 縣(市)長選舉,https://vote.nccu.edu.tw/cec/vote421.asp?pass1=N:8::I8888888888iii((,https://vote.nccu.edu.tw/cec/vote3.asp?pass1=N:8::I8888888888iii((,https://vote.nccu.edu.tw/cec/F2022003.PDF,https://vote.nccu.edu.tw/cec/F2022004.PDF,https://vote.nccu.edu.tw/cec/F2022005.PDF,https://vote.nccu.edu.tw/cec/F2022006.PDF
1998,第 14 屆 縣(市)議員選舉,https://vote.nccu.edu.tw/cec/vote421.asp?pass1=O9AA@88888888888iii((,,https://vote.nccu.edu.tw/cec/G1998003.PDF,https://vote.nccu.edu.tw/cec/G1998004.PDF,https://vote.nccu.edu.tw/cec/G1998005.PDF,https://vote.nccu.edu.tw/cec/G1998006.PDF
2002,第 15 屆 縣(市)議員選舉,https://vote.nccu.edu.tw/cec/vote421.asp?pass1=O:88:88888888888iii((,,https://vote.nccu.edu.tw/cec/G2002003.PDF,https://vote.nccu.edu.tw/cec/G2002004.PDF,https://vote.nccu.edu.tw/cec/G2002005.PDF,https://vote.nccu.edu.tw/cec/G2002006.PDF
2005,第 16 屆 縣(市)議員選舉,https://vote.nccu.edu.tw/cec/vote421.asp?pass1=O:88=88888888888iii((,,https://vote.nccu.edu.tw/cec/G2005003.PDF,https://vote.nccu.edu.tw/cec/G2005004.PDF,https://vote.nccu.edu.tw/cec/G2005005.PDF,https://vote.nccu.edu.tw/cec/G2005006.PDF
2009,第 17 屆 縣(市)議員選舉,https://vote.nccu.edu.tw/cec/vote421.asp?pass1=O:88A88888888888iii((,,https://vote.nccu.edu.tw/cec/G2009003.PDF,https://vote.nccu.edu.tw/cec/G2009004.PDF,https://vote.nccu.edu.tw/cec/G2009005.PDF,https://vote.nccu.edu.tw/cec/G2009006.PDF
2014,第 18 屆 縣(市)議員選舉,https://vote.nccu.edu.tw/cec/vote421.asp?pass1=O:89<88888888888iii((,,https://vote.nccu.edu.tw/cec/G2014003.PDF,https://vote.nccu.edu.tw/cec/G2014004.PDF,https://vote.nccu.edu.tw/cec/G2014005.PDF,https://vote.nccu.edu.tw/cec/G2014006.PDF
2018,第 19 屆 縣(市)議員選舉,https://vote.nccu.edu.tw/cec/vote421.asp?pass1=O:89@88888888888iii((,,https://vote.nccu.edu.tw/cec/G2018003.PDF,https://vote.nccu.edu.tw/cec/G2018004.PDF,https://vote.nccu.edu.tw/cec/G2018005.PDF,https://vote.nccu.edu.tw/cec/G2018006.PDF
2022,第 20 屆 縣(市)議員選舉,https://vote.nccu.edu.tw/cec/vote421.asp?pass1=O:8::88888888888iii((,,https://vote.nccu.edu.tw/cec/G2022003.PDF,https://vote.nccu.edu.tw/cec/G2022004.PDF,https://vote.nccu.edu.tw/cec/G2022005.PDF,https://vote.nccu.edu.tw/cec/G2022006.PDF
1998,第 13 屆 鄉鎮(縣轄市)長選舉,https://vote.nccu.edu.tw/cec/vote421.asp?pass1=P9AA@88888888888iii((,,https://vote.nccu.edu.tw/cec/H1998003.PDF,https://vote.nccu.edu.tw/cec/H1998004.PDF,https://vote.nccu.edu.tw/cec/H1998005.PDF,https://vote.nccu.edu.tw/cec/H1998006.PDF
2002,第 14 屆 鄉鎮(縣轄市)長選舉,https://vote.nccu.edu.tw/cec/vote421.asp?pass1=P:88:88888888888iii((,,https://vote.nccu.edu.tw/cec/H2002003.PDF,https://vote.nccu.edu.tw/cec/H2002004.PDF,https://vote.nccu.edu.tw/cec/H2002005.PDF,https://vote.nccu.edu.tw/cec/H2002006.PDF
2005,第 15 屆 鄉鎮(縣轄市)長選舉,https://vote.nccu.edu.tw/cec/vote421.asp?pass1=P:88=88888888888iii((,,https://vote.nccu.edu.tw/cec/H2005003.PDF,https://vote.nccu.edu.tw/cec/H2005004.PDF,https://vote.nccu.edu.tw/cec/H2005005.PDF,https://vote.nccu.edu.tw/cec/H2005006.PDF
2009,第 16 屆 鄉鎮(縣轄市)長選舉,https://vote.nccu.edu.tw/cec/vote421.asp?pass1=P:88A88888888888iii((,,https://vote.nccu.edu.tw/cec/H2009003.PDF,https://vote.nccu.edu.tw/cec/H2009004.PDF,https://vote.nccu.edu.tw/cec/H2009005.PDF,https://vote.nccu.edu.tw/cec/H2009006.PDF
2014,第 17 屆 鄉鎮(縣轄市)長選舉,https://vote.nccu.edu.tw/cec/vote421.asp?pass1=P:89<88888888888iii((,,https://vote.nccu.edu.tw/cec/H2014003.PDF,https://vote.nccu.edu.tw/cec/H2014004.PDF,https://vote.nccu.edu.tw/cec/H2014005.PDF,https://vote.nccu.edu.tw/cec/H2014006.PDF
2018,第 18 屆 鄉鎮(縣轄市)長選舉,https://vote.nccu.edu.tw/cec/vote421.asp?pass1=P:89@88888888888iii((,,https://vote.nccu.edu.tw/cec/H2018003.PDF,https://vote.nccu.edu.tw/cec/H2018004.PDF,https://vote.nccu.edu.tw/cec/H2018005.PDF,https://vote.nccu.edu.tw/cec/H2018006.PDF
2022,第19 屆 鄉鎮(縣轄市)長選舉,https://vote.nccu.edu.tw/cec/vote421.asp?pass1=P:8::88888888888iii((,,https://vote.nccu.edu.tw/cec/H2022003.PDF,https://vote.nccu.edu.tw/cec/H2022004.PDF,https://vote.nccu.edu.tw/cec/H2022005.PDF,https://vote.nccu.edu.tw/cec/H2022006.PDF
