選舉年度,選舉別,選舉類別,屆任次,投票日期,地區別,人口數,選舉人數,候選人數,當選人數,投票數合計,有效票數,無效票數,選舉人數對人口數_pct,投票率_pct,當選對候選_pct
1996,第 09 任 總統(副總統)選舉,總統(副總統)選舉,09,1996-03-23,台閩地區,21311885,14313288,4,1,10883279,10766119,117160,67.16,76.04,25
2000,第 10 任 總統(副總統)選舉,總統(副總統)選舉,10,2000-03-18,台閩地區,22134777,15462625,5,1,12786671,12664393,122278,69.86,82.69,20
2004,第 11 任 總統(副總統)選舉,總統(副總統)選舉,11,2004-03-20,台閩地區,22573965,16507179,2,1,13251719,12914422,337297,73.12,80.28,50
2008,第 12 任 總統(副總統)選舉,總統(副總統)選舉,12,2008-03-22,台閩地區,22925311,17321622,4,2,13221609,13103963,117646,75.56,76.33,50
2012,第 13 任 總統(副總統)選舉,總統(副總統)選舉,13,2012-01-14,台閩地區,23224912,18086455,3,1,13452016,13354305,97711,77.88,74.38,33.33
2016,第 14 任 總統(副總統)選舉,總統(副總統)選舉,14,2016-01-16,台閩地區,23483793,18782991,3,1,12448302,12284970,163332,79.98,66.27,33.33
2020,第 15 任 總統(副總統)選舉,總統(副總統)選舉,15,2020-01-11,台閩地區,23598776,19311105,3,1,14464571,14300940,163631,81.83,74.9,33.33
2024,第 16任 總統(副總統)選舉,總統(副總統)選舉,16,2024-01-13,台閩地區,23415008,19548531,3,1,14048311,13947506,100805,83.49,71.86,33.33
1994,第 01 屆 台灣省長選舉,台灣省長選舉,01,1994-12-03,台灣省,16960902,11184258,5,1,8517124,8405930,111194,65.94,76.15,20
1994,第 01 屆 台北市長選舉,台北市長選舉,01,1994-12-03,台北市,2651419,1816986,4,1,1426852,1408554,18298,68.53,78.53,25
1994,第 01 屆 直轄市高雄市長選舉,直轄市高雄市長選舉,01,1994-12-03,高雄市,1413240,926318,5,1,746469,735886,10583,65.55,80.58,20
1998,第 02 屆 直轄市台北市長選舉,直轄市台北市長選舉,02,1998-12-05,台北市,2622171,1868860,3,1,1511635,1498901,12734,71.27,80.89,33.33
1998,第 02 屆 直轄市高雄市長選舉,直轄市高雄市長選舉,02,1998-12-05,高雄市,1454439,1004872,4,1,807996,796185,11811,69.09,80.41,25
2002,第 03 屆 直轄市台北市長選舉,直轄市台北市長選舉,03,2002-12-07,台北市,2639094,1947169,2,1,1374862,1361913,12949,73.78,70.61,50
2002,第 03 屆 直轄市高雄市長選舉,直轄市高雄市長選舉,03,2002-12-07,高雄市,1508761,1092668,5,1,779911,772157,7754,72.42,71.38,20
2006,第 04 屆 直轄市台北市長選舉,直轄市台北市長選舉,04,2006-12-09,台北市,2627474,2008434,6,1,1295790,1286089,9701,76.44,64.52,16.67
2006,第 04 屆 直轄市高雄市長選舉,直轄市高雄市長選舉,04,2006-12-09,高雄市,1512255,1140110,5,1,774490,767868,6622,75.39,67.93,20
2010,第 05 屆 直轄市台北市長選舉,直轄市台北市長選舉,05,2010-11-27,台北市,2608923,2045925,5,1,1445370,1433736,11634,78.42,70.65,20
2010,第 01 屆 直轄市高雄市長選舉,直轄市高雄市長選舉,01,2010-11-27,高雄市,2772777,2166119,3,1,1570895,1555210,15685,78.12,72.52,33.33
2010,第 01 屆 直轄市新北市長選舉,直轄市新北市長選舉,01,2010-11-27,新北市,3892603,3006877,2,1,2142410,2120436,21974,77.25,71.25,50
2010,第 01 屆 直轄市台中市長選舉,直轄市台中市長選舉,01,2010-11-27,臺中市,2645194,1977368,2,1,1446519,1428642,17877,74.75,73.15,50
2010,第 01 屆 直轄市台南市長選舉,直轄市台南市長選舉,01,2010-11-27,臺南市,1873754,1467256,2,1,1041941,1026093,15848,78.31,71.01,50
2014,第 06屆 直轄市台北市長選舉,直轄市台北市長選舉,06,2014-11-29,台北市,2697644,2146939,7,1,1512724,1494046,18678,79.59,70.46,14.29
2014,第 02 屆 直轄市高雄市長選舉,直轄市高雄市長選舉,02,2014-11-29,高雄市,2777773,2231225,3,1,1482425,1458872,23553,80.32,66.44,33.33
2014,第 02 屆 直轄市新北市長選舉,直轄市新北市長選舉,02,2014-11-29,新北市,3962920,3156402,3,1,1946063,1916283,29780,79.65,61.65,33.33
2014,第 02屆 直轄市台中市長選舉,直轄市台中市長選舉,02,2014-11-29,臺中市,2714642,2093689,2,1,1506023,1484815,21208,77.13,71.93,50
2014,第 02 屆 直轄市台南市長選舉,直轄市台南市長選舉,02,2014-11-29,臺南市,1883562,1512778,2,1,996688,976093,20595,80.31,65.88,50
2014,第 01 屆 直轄市桃園市長選舉,直轄市桃園市長選舉,01,2014-11-29,桃園市,2055259,1568713,3,1,984099,965490,18609,76.33,62.73,33.33
2018,第 07 屆 直轄市台北市長選舉,直轄市台北市長選舉,07,2018-11-24,台北市,2669874,2164155,5,1,1427225,1413870,13355,81.06,65.95,20
2018,第 03 屆 直轄市高雄市長選舉,直轄市高雄市長選舉,03,2018-11-24,高雄市,2772624,2281338,4,1,1677650,1656907,20743,82.28,73.54,25
2018,第 03 屆 直轄市新北市長選舉,直轄市新北市長選舉,03,2018-11-24,新北市,3992291,3264128,2,1,2089127,2038822,50305,81.76,64,50
2018,第 03 屆 直轄市台中市長選舉,直轄市台中市長選舉,03,2018-11-24,臺中市,2799254,2213789,3,1,1493365,1463770,29595,79.08,67.46,33.33
2018,第 03 屆 直轄市台南市長選舉,直轄市台南市長選舉,03,2018-11-24,臺南市,1883804,1546862,6,1,990204,966670,23534,82.11,64.01,16.67
2018,第 02 屆 直轄市桃園市長選舉,直轄市桃園市長選舉,02,2018-11-24,桃園市,2215615,1732591,5,1,1050527,1033149,17378,78.2,60.63,20
2022,第 08 屆 直轄市台北市長選舉,直轄市台北市長選舉,08,2022-11-26,台北市,2465610,2026769,12,1,1372179,1360951,11228,82.2,67.7,8.33
2022,第 04屆 直轄市高雄市長選舉,直轄市高雄市長選舉,04,2022-11-26,高雄市,2723495,2282623,4,1,1337819,1318733,19086,83.81,58.61,25
2022,第 04屆 直轄市新北市長選舉,直轄市新北市長選舉,04,2022-11-26,新北市,3982363,3316517,2,1,1877186,1846531,30655,83.28,56.6,50
2022,第 04 屆 直轄市台中市長選舉,直轄市台中市長選舉,04,2022-11-26,臺中市,2806458,2274107,3,1,1364629,1346471,18158,81.03,60.01,33.33
2022,第 04 屆 直轄市台南市長選舉,直轄市台南市長選舉,04,2022-11-26,臺南市,1850955,1548203,5,1,908533,888674,19859,83.64,58.68,20
2022,第 03 屆 直轄市桃園市長選舉,直轄市桃園市長選舉,03,2022-11-26,桃園市,2273968,1825127,4,1,1085225,1071763,13462,80.26,59.46,25
1993,第 12 屆 縣(市)長選舉,縣(市)長選舉,12,1993-11-27,總計,16764893,10841653,77,23,7662724,7531045,131679,64.67,70.68,29.87
1993,第 12 屆 縣(市)長選舉,縣(市)長選舉,12,1993-11-27,台灣省,16713807,10811061,73,21,7639769,7508690,131079,64.68,70.67,28.77
1993,第 12 屆 縣(市)長選舉,縣(市)長選舉,12,1993-11-27,臺北縣,3168856,1999063,5,1,1342035,1322128,19907,63.08,67.13,20
1993,第 12 屆 縣(市)長選舉,縣(市)長選舉,12,1993-11-27,宜蘭縣,458456,303573,3,1,205482,203449,2033,66.22,67.69,33.33
1993,第 12 屆 縣(市)長選舉,縣(市)長選舉,12,1993-11-27,桃園縣,1427805,896142,4,1,616112,602948,13164,62.76,68.75,25
1993,第 12 屆 縣(市)長選舉,縣(市)長選舉,12,1993-11-27,新竹縣,388184,252088,3,1,199144,195227,3917,64.94,79,33.33
1993,第 12 屆 縣(市)長選舉,縣(市)長選舉,12,1993-11-27,苗栗縣,553399,364438,6,1,292789,286741,6048,65.85,80.34,16.67
1993,第 12 屆 縣(市)長選舉,縣(市)長選舉,12,1993-11-27,臺中縣,1332836,827513,2,1,618968,601641,17327,62.09,74.8,50
1993,第 12 屆 縣(市)長選舉,縣(市)長選舉,12,1993-11-27,彰化縣,1267475,806692,4,1,576202,565412,10790,63.65,71.43,25
1993,第 12 屆 縣(市)長選舉,縣(市)長選舉,12,1993-11-27,南投縣,542124,359172,3,1,244133,240985,3148,66.25,67.97,33.33
1993,第 12 屆 縣(市)長選舉,縣(市)長選舉,12,1993-11-27,雲林縣,753224,507697,3,1,311746,306010,5736,67.4,61.4,33.33
1993,第 12 屆 縣(市)長選舉,縣(市)長選舉,12,1993-11-27,嘉義縣,558121,384219,5,1,288938,284116,4822,68.84,75.2,20
1993,第 12 屆 縣(市)長選舉,縣(市)長選舉,12,1993-11-27,臺南縣,1051314,705430,3,1,517156,509923,7233,67.1,73.31,33.33
1993,第 12 屆 縣(市)長選舉,縣(市)長選舉,12,1993-11-27,高雄縣,1152501,754399,4,1,557342,548677,8665,65.46,73.88,25
1993,第 12 屆 縣(市)長選舉,縣(市)長選舉,12,1993-11-27,屏東縣,902457,604040,4,1,450045,445334,4711,66.93,74.51,25
1993,第 12 屆 縣(市)長選舉,縣(市)長選舉,12,1993-11-27,臺東縣,254776,172086,3,1,100296,98688,1608,67.54,58.28,33.33
1993,第 12 屆 縣(市)長選舉,縣(市)長選舉,12,1993-11-27,花蓮縣,356124,238197,3,1,150566,147852,2714,66.89,63.21,33.33
1993,第 12 屆 縣(市)長選舉,縣(市)長選舉,12,1993-11-27,澎湖縣,94929,64455,2,1,44099,43578,521,67.9,68.42,50
1993,第 12 屆 縣(市)長選舉,縣(市)長選舉,12,1993-11-27,基隆市,360495,240852,2,1,172707,169753,2954,66.81,71.71,50
1993,第 12 屆 縣(市)長選舉,縣(市)長選舉,12,1993-11-27,新竹市,333104,215536,4,1,152670,150334,2336,64.71,70.83,25
1993,第 12 屆 縣(市)長選舉,縣(市)長選舉,12,1993-11-27,臺中市,802355,501770,2,1,336815,330277,6538,62.54,67.13,50
1993,第 12 屆 縣(市)長選舉,縣(市)長選舉,12,1993-11-27,嘉義市,258464,166674,3,1,107763,106599,1164,64.49,64.65,33.33
1993,第 12 屆 縣(市)長選舉,縣(市)長選舉,12,1993-11-27,臺南市,696808,447025,5,1,354761,349018,5743,64.15,79.36,20
1993,第 12 屆 縣(市)長選舉,縣(市)長選舉,12,1993-11-27,福建省,51086,30592,4,2,22955,22355,600,59.88,75.04,50
1993,第 12 屆 縣(市)長選舉,縣(市)長選舉,12,1993-11-27,金門縣,45125,27077,3,1,20670,20354,316,60,76.34,33.33
1993,第 12 屆 縣(市)長選舉,縣(市)長選舉,12,1993-11-27,連江縣,5961,3515,1,1,2285,2001,284,58.97,65.01,100
1997,第 13 屆 縣(市)長選舉,縣(市)長選舉,13,1997-11-29,總計,17596736,11809277,80,23,7784908,7668075,116833,67.11,65.92,28.75
1997,第 13 屆 縣(市)長選舉,縣(市)長選舉,13,1997-11-29,台灣省,17541155,11772321,76,21,7758350,7641962,116388,67.11,65.9,27.63
1997,第 13 屆 縣(市)長選舉,縣(市)長選舉,13,1997-11-29,臺北縣,3388741,2242060,6,1,1424010,1405658,18352,66.16,63.51,16.67
1997,第 13 屆 縣(市)長選舉,縣(市)長選舉,13,1997-11-29,宜蘭縣,465828,317194,2,1,228940,226858,2082,68.09,72.18,50
1997,第 13 屆 縣(市)長選舉,縣(市)長選舉,13,1997-11-29,桃園縣,1595481,1035387,3,1,678744,668112,10632,64.89,65.55,33.33
1997,第 13 屆 縣(市)長選舉,縣(市)長選舉,13,1997-11-29,新竹縣,418140,277708,4,1,199417,196247,3170,66.42,71.81,25
1997,第 13 屆 縣(市)長選舉,縣(市)長選舉,13,1997-11-29,苗栗縣,558936,378882,4,1,284793,280186,4607,67.79,75.17,25
1997,第 13 屆 縣(市)長選舉,縣(市)長選舉,13,1997-11-29,臺中縣,1438396,927612,6,1,608038,593603,14435,64.49,65.55,16.67
1997,第 13 屆 縣(市)長選舉,縣(市)長選舉,13,1997-11-29,彰化縣,1292791,858446,3,1,596744,585836,10908,66.4,69.51,33.33
1997,第 13 屆 縣(市)長選舉,縣(市)長選舉,13,1997-11-29,南投縣,545557,373740,5,1,251405,248970,2435,68.51,67.27,20
1997,第 13 屆 縣(市)長選舉,縣(市)長選舉,13,1997-11-29,雲林縣,751537,524212,4,1,364799,358923,5876,69.75,69.59,25
1997,第 13 屆 縣(市)長選舉,縣(市)長選舉,13,1997-11-29,嘉義縣,566725,401532,2,1,261045,255660,5385,70.85,65.01,50
1997,第 13 屆 縣(市)長選舉,縣(市)長選舉,13,1997-11-29,臺南縣,1092344,756073,2,1,506798,499998,6800,69.22,67.03,50
1997,第 13 屆 縣(市)長選舉,縣(市)長選舉,13,1997-11-29,高雄縣,1217661,832635,4,1,534035,525725,8310,68.38,64.14,25
1997,第 13 屆 縣(市)長選舉,縣(市)長選舉,13,1997-11-29,屏東縣,912445,629530,3,1,414529,410527,4002,68.99,65.85,33.33
1997,第 13 屆 縣(市)長選舉,縣(市)長選舉,13,1997-11-29,臺東縣,252911,176329,3,1,102834,101523,1311,69.72,58.32,33.33
1997,第 13 屆 縣(市)長選舉,縣(市)長選舉,13,1997-11-29,花蓮縣,357972,246943,2,1,129782,127650,2132,68.98,52.56,50
1997,第 13 屆 縣(市)長選舉,縣(市)長選舉,13,1997-11-29,澎湖縣,89731,63619,2,1,37084,36407,677,70.9,58.29,50
1997,第 13 屆 縣(市)長選舉,縣(市)長選舉,13,1997-11-29,基隆市,376710,259795,3,1,174161,171673,2488,68.96,67.04,33.33
1997,第 13 屆 縣(市)長選舉,縣(市)長選舉,13,1997-11-29,新竹市,349150,232607,3,1,147397,144938,2459,66.62,63.37,33.33
1997,第 13 屆 縣(市)長選舉,縣(市)長選舉,13,1997-11-29,臺中市,891981,581859,4,1,366870,362036,4834,65.23,63.05,25
1997,第 13 屆 縣(市)長選舉,縣(市)長選舉,13,1997-11-29,嘉義市,263085,176181,4,1,117917,116548,1369,66.97,66.93,25
1997,第 13 屆 縣(市)長選舉,縣(市)長選舉,13,1997-11-29,臺南市,715033,479977,7,1,329008,324884,4124,67.13,68.55,14.29
1997,第 13 屆 縣(市)長選舉,縣(市)長選舉,13,1997-11-29,福建省,55581,36956,4,2,26558,26113,445,66.49,71.86,50
1997,第 13 屆 縣(市)長選舉,縣(市)長選舉,13,1997-11-29,金門縣,48700,32060,2,1,22802,22431,371,65.83,71.12,50
1997,第 13 屆 縣(市)長選舉,縣(市)長選舉,13,1997-11-29,連江縣,6881,4896,2,1,3756,3682,74,71.15,76.72,50
2001,第 14 屆 縣(市)長選舉,縣(市)長選舉,14,2001-12-01,總計,18216802,12835467,88,23,8529647,8394104,135543,70.46,66.45,26.14
2001,第 14 屆 縣(市)長選舉,縣(市)長選舉,14,2001-12-01,台灣省,18152271,12789246,80,21,8499252,8364346,134906,70.46,66.46,26.25
2001,第 14 屆 縣(市)長選舉,縣(市)長選舉,14,2001-12-01,臺北縣,3593315,2531827,4,1,1723524,1704188,19336,70.46,68.07,25
2001,第 14 屆 縣(市)長選舉,縣(市)長選舉,14,2001-12-01,宜蘭縣,465825,330826,4,1,211204,208950,2254,71.02,63.84,25
2001,第 14 屆 縣(市)長選舉,縣(市)長選舉,14,2001-12-01,桃園縣,1750731,1186731,3,1,810723,799904,10819,67.78,68.32,33.33
2001,第 14 屆 縣(市)長選舉,縣(市)長選舉,14,2001-12-01,新竹縣,443316,304018,2,1,213983,210015,3968,68.58,70.38,50
2001,第 14 屆 縣(市)長選舉,縣(市)長選舉,14,2001-12-01,苗栗縣,559579,396038,4,1,266338,262157,4181,70.77,67.25,25
2001,第 14 屆 縣(市)長選舉,縣(市)長選舉,14,2001-12-01,臺中縣,1498170,1020695,3,1,676367,657034,19333,68.13,66.27,33.33
2001,第 14 屆 縣(市)長選舉,縣(市)長選舉,14,2001-12-01,彰化縣,1311923,916615,5,1,624613,613297,11316,69.87,68.14,20
2001,第 14 屆 縣(市)長選舉,縣(市)長選舉,14,2001-12-01,南投縣,541242,386973,7,1,260502,257243,3259,71.5,67.32,14.29
2001,第 14 屆 縣(市)長選舉,縣(市)長選舉,14,2001-12-01,雲林縣,742219,541963,2,1,343557,333975,9582,73.02,63.39,50
2001,第 14 屆 縣(市)長選舉,縣(市)長選舉,14,2001-12-01,嘉義縣,562978,414289,5,1,268296,264177,4119,73.59,64.76,20
2001,第 14 屆 縣(市)長選舉,縣(市)長選舉,14,2001-12-01,臺南縣,1106619,802135,3,1,539627,532235,7392,72.49,67.27,33.33
2001,第 14 屆 縣(市)長選舉,縣(市)長選舉,14,2001-12-01,高雄縣,1235089,889534,3,1,590486,579873,10613,72.02,66.38,33.33
2001,第 14 屆 縣(市)長選舉,縣(市)長選舉,14,2001-12-01,屏東縣,906799,655232,3,1,437779,432393,5386,72.26,66.81,33.33
2001,第 14 屆 縣(市)長選舉,縣(市)長選舉,14,2001-12-01,臺東縣,244219,176884,4,1,101366,99515,1851,72.43,57.31,25
2001,第 14 屆 縣(市)長選舉,縣(市)長選舉,14,2001-12-01,花蓮縣,352809,254081,5,1,154237,151719,2518,72.02,60.7,20
2001,第 14 屆 縣(市)長選舉,縣(市)長選舉,14,2001-12-01,澎湖縣,91052,67252,3,1,40705,39935,770,73.86,60.53,33.33
2001,第 14 屆 縣(市)長選舉,縣(市)長選舉,14,2001-12-01,基隆市,389992,280531,2,1,176932,172282,4650,71.93,63.07,50
2001,第 14 屆 縣(市)長選舉,縣(市)長選舉,14,2001-12-01,新竹市,371295,257470,4,1,164561,161717,2844,69.34,63.91,25
2001,第 14 屆 縣(市)長選舉,縣(市)長選舉,14,2001-12-01,臺中市,978467,666557,3,1,440198,435722,4476,68.12,66.04,33.33
2001,第 14 屆 縣(市)長選舉,縣(市)長選舉,14,2001-12-01,嘉義市,267821,186851,5,1,121596,119894,1702,69.77,65.08,20
2001,第 14 屆 縣(市)長選舉,縣(市)長選舉,14,2001-12-01,臺南市,738811,522744,6,1,332658,328121,4537,70.75,63.64,16.67
2001,第 14 屆 縣(市)長選舉,縣(市)長選舉,14,2001-12-01,福建省,64531,46221,8,2,30395,29758,637,71.63,65.76,25
2001,第 14 屆 縣(市)長選舉,縣(市)長選舉,14,2001-12-01,金門縣,56215,39991,6,1,25716,25190,526,71.14,64.3,16.67
2001,第 14 屆 縣(市)長選舉,縣(市)長選舉,14,2001-12-01,連江縣,8316,6230,2,1,4679,4568,111,74.92,75.1,50
2005,第 15 屆 縣(市)長選舉,縣(市)長選舉,15,2005-12-03,總計,18607680,13645079,76,23,9035144,8877142,158002,73.33,66.22,30.26
2005,第 15 屆 縣(市)長選舉,縣(市)長選舉,15,2005-12-03,台灣省,18528888,13584870,70,21,8997492,8840261,157231,73.32,66.23,30
2005,第 15 屆 縣(市)長選舉,縣(市)長選舉,15,2005-12-03,臺北縣,3726039,2750960,6,1,1825261,1802072,23189,73.83,66.35,16.67
2005,第 15 屆 縣(市)長選舉,縣(市)長選舉,15,2005-12-03,宜蘭縣,461505,340550,3,1,239236,236336,2900,73.79,70.25,33.33
2005,第 15 屆 縣(市)長選舉,縣(市)長選舉,15,2005-12-03,桃園縣,1871474,1319334,3,1,814908,803728,11180,70.5,61.77,33.33
2005,第 15 屆 縣(市)長選舉,縣(市)長選舉,15,2005-12-03,新竹縣,474265,335906,2,1,238887,234049,4838,70.83,71.12,50
2005,第 15 屆 縣(市)長選舉,縣(市)長選舉,15,2005-12-03,苗栗縣,559558,411296,6,1,285632,280284,5348,73.5,69.45,16.67
2005,第 15 屆 縣(市)長選舉,縣(市)長選舉,15,2005-12-03,臺中縣,1530298,1092962,3,1,719004,703401,15603,71.42,65.78,33.33
2005,第 15 屆 縣(市)長選舉,縣(市)長選舉,15,2005-12-03,彰化縣,1315020,961048,3,1,683919,668626,15293,73.08,71.16,33.33
2005,第 15 屆 縣(市)長選舉,縣(市)長選舉,15,2005-12-03,南投縣,537345,398903,4,1,281147,275344,5803,74.24,70.48,25
2005,第 15 屆 縣(市)長選舉,縣(市)長選舉,15,2005-12-03,雲林縣,734052,553486,3,1,385924,377007,8917,75.4,69.73,33.33
2005,第 15 屆 縣(市)長選舉,縣(市)長選舉,15,2005-12-03,嘉義縣,556365,422387,2,1,302614,292668,9946,75.92,71.64,50
2005,第 15 屆 縣(市)長選舉,縣(市)長選舉,15,2005-12-03,臺南縣,1105050,834609,4,1,544013,532012,12001,75.53,65.18,25
2005,第 15 屆 縣(市)長選舉,縣(市)長選舉,15,2005-12-03,高雄縣,1240203,928781,2,1,608078,597247,10831,74.89,65.47,50
2005,第 15 屆 縣(市)長選舉,縣(市)長選舉,15,2005-12-03,屏東縣,898611,672781,4,1,475542,468108,7434,74.87,70.68,25
2005,第 15 屆 縣(市)長選舉,縣(市)長選舉,15,2005-12-03,臺東縣,239184,178785,3,1,108186,105080,3106,74.75,60.51,33.33
2005,第 15 屆 縣(市)長選舉,縣(市)長選舉,15,2005-12-03,花蓮縣,347641,258736,4,1,159377,156055,3322,74.43,61.6,25
2005,第 15 屆 縣(市)長選舉,縣(市)長選舉,15,2005-12-03,澎湖縣,92362,70427,3,1,50820,49759,1061,76.25,72.16,33.33
2005,第 15 屆 縣(市)長選舉,縣(市)長選舉,15,2005-12-03,基隆市,392084,292330,4,1,187248,185108,2140,74.56,64.05,25
2005,第 15 屆 縣(市)長選舉,縣(市)長選舉,15,2005-12-03,新竹市,389488,277182,2,1,165189,161998,3191,71.17,59.6,50
2005,第 15 屆 縣(市)長選舉,縣(市)長選舉,15,2005-12-03,臺中市,1029644,729990,4,1,454558,450217,4341,70.9,62.27,25
2005,第 15 屆 縣(市)長選舉,縣(市)長選舉,15,2005-12-03,嘉義市,271949,196054,2,1,138746,136908,1838,72.09,70.77,50
2005,第 15 屆 縣(市)長選舉,縣(市)長選舉,15,2005-12-03,臺南市,756751,558363,3,1,329203,324254,4949,73.78,58.96,33.33
2005,第 15 屆 縣(市)長選舉,縣(市)長選舉,15,2005-12-03,福建省,78792,60209,6,2,37652,36881,771,76.42,62.54,33.33
2005,第 15 屆 縣(市)長選舉,縣(市)長選舉,15,2005-12-03,金門縣,68265,52039,3,1,32669,31981,688,76.23,62.78,33.33
2005,第 15 屆 縣(市)長選舉,縣(市)長選舉,15,2005-12-03,連江縣,10527,8170,3,1,4983,4900,83,77.61,60.99,33.33
2009,第 16 屆 縣(市)長選舉,縣(市)長選舉,16,2009-12-05,總計,9346529,7051039,54,17,4466403,4374932,91471,75.44,63.34,31.48
2009,第 16 屆 縣(市)長選舉,縣(市)長選舉,16,2009-12-05,台灣省,9244037,6970833,44,15,4421831,4331170,90661,75.41,63.43,34.09
2009,第 16 屆 縣(市)長選舉,縣(市)長選舉,16,2009-12-05,宜蘭縣,461345,351858,2,1,248706,245863,2843,76.27,70.68,50
2009,第 16 屆 縣(市)長選舉,縣(市)長選舉,16,2009-12-05,桃園縣,1974758,1437190,3,1,772180,758722,13458,72.78,53.73,33.33
2009,第 16 屆 縣(市)長選舉,縣(市)長選舉,16,2009-12-05,新竹縣,509453,369480,4,1,256770,252424,4346,72.52,69.49,25
2009,第 16 屆 縣(市)長選舉,縣(市)長選舉,16,2009-12-05,苗栗縣,561315,425837,3,1,290780,284138,6642,75.86,68.28,33.33
2009,第 16 屆 縣(市)長選舉,縣(市)長選舉,16,2009-12-05,彰化縣,1311971,991741,3,1,650169,634640,15529,75.59,65.56,33.33
2009,第 16 屆 縣(市)長選舉,縣(市)長選舉,16,2009-12-05,南投縣,530769,408006,4,1,276424,269217,7207,76.87,67.75,25
2009,第 16 屆 縣(市)長選舉,縣(市)長選舉,16,2009-12-05,雲林縣,722831,560207,2,1,361941,351790,10151,77.5,64.61,50
2009,第 16 屆 縣(市)長選舉,縣(市)長選舉,16,2009-12-05,嘉義縣,547267,428673,4,1,322764,317135,5629,78.33,75.29,25
2009,第 16 屆 縣(市)長選舉,縣(市)長選舉,16,2009-12-05,屏東縣,882575,682475,2,1,464677,455786,8891,77.33,68.09,50
2009,第 16 屆 縣(市)長選舉,縣(市)長選舉,16,2009-12-05,臺東縣,232290,178139,2,1,110226,107156,3070,76.69,61.88,50
2009,第 16 屆 縣(市)長選舉,縣(市)長選舉,16,2009-12-05,花蓮縣,340910,261214,3,1,155357,151730,3627,76.62,59.47,33.33
2009,第 16 屆 縣(市)長選舉,縣(市)長選舉,16,2009-12-05,澎湖縣,95751,75033,3,1,47516,45910,1606,78.36,63.33,33.33
2009,第 16 屆 縣(市)長選舉,縣(市)長選舉,16,2009-12-05,基隆市,388542,299960,3,1,159092,156065,3027,77.2,53.04,33.33
2009,第 16 屆 縣(市)長選舉,縣(市)長選舉,16,2009-12-05,新竹市,410399,298439,3,1,169588,166563,3025,72.72,56.83,33.33
2009,第 16 屆 縣(市)長選舉,縣(市)長選舉,16,2009-12-05,嘉義市,273861,202581,3,1,135641,134031,1610,73.97,66.96,33.33
2009,第 16 屆 縣(市)長選舉,縣(市)長選舉,16,2009-12-05,福建省,102492,80206,10,2,44572,43762,810,78.26,55.57,20
2009,第 16 屆 縣(市)長選舉,縣(市)長選舉,16,2009-12-05,金門縣,92602,72509,7,1,39011,38280,731,78.3,53.8,14.29
2009,第 16 屆 縣(市)長選舉,縣(市)長選舉,16,2009-12-05,連江縣,9890,7697,3,1,5561,5482,79,77.83,72.25,33.33
2014,第 17 屆 縣(市)長選舉,縣(市)長選舉,17,2014-11-29,總計,7325316,5801610,64,16,4084113,3966185,117928,79.2,70.4,25
2014,第 17 屆 縣(市)長選舉,縣(市)長選舉,17,2014-11-29,台灣省,7186242,5688015,52,14,4030624,3914150,116474,79.15,70.86,26.92
2014,第 17 屆 縣(市)長選舉,縣(市)長選舉,17,2014-11-29,宜蘭縣,458799,365138,2,1,257288,250573,6715,79.59,70.46,50
2014,第 17 屆 縣(市)長選舉,縣(市)長選舉,17,2014-11-29,新竹縣,536539,403173,4,1,277203,264821,12382,75.14,68.76,25
2014,第 17 屆 縣(市)長選舉,縣(市)長選舉,17,2014-11-29,苗栗縣,567044,446182,6,1,324807,316663,8144,78.69,72.8,16.67
2014,第 17 屆 縣(市)長選舉,縣(市)長選舉,17,2014-11-29,彰化縣,1292098,1015804,4,1,740797,719410,21387,78.62,72.93,25
2014,第 17 屆 縣(市)長選舉,縣(市)長選舉,17,2014-11-29,南投縣,514894,414091,2,1,302736,293080,9656,80.42,73.11,50
2014,第 17 屆 縣(市)長選舉,縣(市)長選舉,17,2014-11-29,雲林縣,706634,565557,2,1,419030,408762,10268,80.04,74.09,50
2014,第 17 屆 縣(市)長選舉,縣(市)長選舉,17,2014-11-29,嘉義縣,525775,430505,3,1,319393,306526,12867,81.88,74.19,33.33
2014,第 17 屆 縣(市)長選舉,縣(市)長選舉,17,2014-11-29,屏東縣,849113,686810,2,1,505009,490980,14029,80.89,73.53,50
2014,第 17 屆 縣(市)長選舉,縣(市)長選舉,17,2014-11-29,臺東縣,224807,179015,2,1,121406,118132,3274,79.63,67.82,50
2014,第 17 屆 縣(市)長選舉,縣(市)長選舉,17,2014-11-29,花蓮縣,333413,265571,6,1,164031,157529,6502,79.65,61.77,16.67
2014,第 17 屆 縣(市)長選舉,縣(市)長選舉,17,2014-11-29,澎湖縣,101548,82269,2,1,54516,52697,1819,81.01,66.27,50
2014,第 17 屆 縣(市)長選舉,縣(市)長選舉,17,2014-11-29,基隆市,373463,303329,6,1,193899,190038,3861,81.22,63.92,16.67
2014,第 17 屆 縣(市)長選舉,縣(市)長選舉,17,2014-11-29,新竹市,431336,322472,5,1,202851,199637,3214,74.76,62.9,20
2014,第 17 屆 縣(市)長選舉,縣(市)長選舉,17,2014-11-29,嘉義市,270779,208099,6,1,147658,145302,2356,76.85,70.96,16.67
2014,第 17 屆 縣(市)長選舉,縣(市)長選舉,17,2014-11-29,福建省,139074,113595,12,2,53489,52035,1454,81.68,47.09,16.67
2014,第 17 屆 縣(市)長選舉,縣(市)長選舉,17,2014-11-29,金門縣,126562,103555,10,1,46757,45416,1341,81.82,45.15,10
2014,第 17 屆 縣(市)長選舉,縣(市)長選舉,17,2014-11-29,連江縣,12512,10040,2,1,6732,6619,113,80.24,67.05,50
2018,第 18 屆 縣(市)長選舉,縣(市)長選舉,18,2018-11-24,總計,7247371,5899639,68,16,4062933,3933645,129288,81.4,68.87,23.53
2018,第 18 屆 縣(市)長選舉,縣(市)長選舉,18,2018-11-24,台灣省,7095464,5770953,58,14,4004832,3877008,127824,81.33,69.4,24.14
2018,第 18 屆 縣(市)長選舉,縣(市)長選舉,18,2018-11-24,宜蘭縣,455508,373510,5,1,258048,250121,7927,82,69.09,20
2018,第 18 屆 縣(市)長選舉,縣(市)長選舉,18,2018-11-24,新竹縣,556307,427652,4,1,290600,282405,8195,76.87,67.95,25
2018,第 18 屆 縣(市)長選舉,縣(市)長選舉,18,2018-11-24,苗栗縣,549798,446507,4,1,315841,304370,11471,81.21,70.74,25
2018,第 18 屆 縣(市)長選舉,縣(市)長選舉,18,2018-11-24,彰化縣,1278437,1031222,5,1,731136,710419,20717,80.66,70.9,20
2018,第 18 屆 縣(市)長選舉,縣(市)長選舉,18,2018-11-24,南投縣,497876,413222,2,1,300608,292845,7763,83,72.75,50
2018,第 18 屆 縣(市)長選舉,縣(市)長選舉,18,2018-11-24,雲林縣,687195,565078,4,1,404447,391519,12928,82.23,71.57,25
2018,第 18 屆 縣(市)長選舉,縣(市)長選舉,18,2018-11-24,嘉義縣,507780,428649,4,1,303269,285147,18122,84.42,70.75,25
2018,第 18 屆 縣(市)長選舉,縣(市)長選舉,18,2018-11-24,屏東縣,826779,689393,3,1,490078,470146,19932,83.38,71.09,33.33
2018,第 18 屆 縣(市)長選舉,縣(市)長選舉,18,2018-11-24,臺東縣,219268,179706,5,1,122786,119518,3268,81.96,68.33,20
2018,第 18 屆 縣(市)長選舉,縣(市)長選舉,18,2018-11-24,花蓮縣,328331,268817,3,1,174376,169596,4780,81.87,64.87,33.33
2018,第 18 屆 縣(市)長選舉,縣(市)長選舉,18,2018-11-24,澎湖縣,104400,86603,7,1,54456,52915,1541,82.95,62.88,14.29
2018,第 18 屆 縣(市)長選舉,縣(市)長選舉,18,2018-11-24,基隆市,370269,309428,2,1,193251,188696,4555,83.57,62.45,50
2018,第 18 屆 縣(市)長選舉,縣(市)長選舉,18,2018-11-24,新竹市,444775,338323,6,1,221402,217103,4299,76.07,65.44,16.67
2018,第 18 屆 縣(市)長選舉,縣(市)長選舉,18,2018-11-24,嘉義市,268741,212843,4,1,144534,142208,2326,79.2,67.91,25
2018,第 18 屆 縣(市)長選舉,縣(市)長選舉,18,2018-11-24,福建省,151907,128686,10,2,58101,56637,1464,84.71,45.15,20
2018,第 18 屆 縣(市)長選舉,縣(市)長選舉,18,2018-11-24,金門縣,138845,117913,6,1,50419,49229,1190,84.92,42.76,16.67
2018,第 18 屆 縣(市)長選舉,縣(市)長選舉,18,2018-11-24,連江縣,13062,10773,4,1,7682,7408,274,82.48,71.31,25
2022,第 19 屆 縣(市)長選舉,縣(市)長選舉,19,2022-11-26,總計,7109460,5908555,64,16,3750039,3657852,92187,83.11,63.47,25
2022,第 19 屆 縣(市)長選舉,縣(市)長選舉,19,2022-11-26,台灣省,6954546,5774451,55,14,3693330,3602233,91097,83.03,63.96,25.45
2022,第 19 屆 縣(市)長選舉,縣(市)長選舉,19,2022-11-26,宜蘭縣,449012,374779,6,1,240916,235281,5635,83.47,64.28,16.67
2022,第 19 屆 縣(市)長選舉,縣(市)長選舉,19,2022-11-26,新竹縣,578949,452720,5,1,267013,258305,8708,78.2,58.98,20
2022,第 19 屆 縣(市)長選舉,縣(市)長選舉,19,2022-11-26,苗栗縣,535149,443908,5,1,298319,292100,6219,82.95,67.2,20
2022,第 19 屆 縣(市)長選舉,縣(市)長選舉,19,2022-11-26,彰化縣,1245445,1028606,3,1,667519,650424,17095,82.59,64.9,33.33
2022,第 19 屆 縣(市)長選舉,縣(市)長選舉,19,2022-11-26,南投縣,479889,406195,3,1,280596,275499,5097,84.64,69.08,33.33
2022,第 19 屆 縣(市)長選舉,縣(市)長選舉,19,2022-11-26,雲林縣,664604,559273,3,1,376649,366833,9816,84.15,67.35,33.33
2022,第 19 屆 縣(市)長選舉,縣(市)長選舉,19,2022-11-26,嘉義縣,488920,422568,2,1,284490,273294,11196,86.43,67.32,50
2022,第 19 屆 縣(市)長選舉,縣(市)長選舉,19,2022-11-26,屏東縣,798965,679330,3,1,456382,443153,13229,85.03,67.18,33.33
2022,第 19 屆 縣(市)長選舉,縣(市)長選舉,19,2022-11-26,臺東縣,212712,177853,3,1,115226,112148,3078,83.61,64.79,33.33
2022,第 19 屆 縣(市)長選舉,縣(市)長選舉,19,2022-11-26,花蓮縣,318849,266058,3,1,153138,149307,3831,83.44,57.56,33.33
2022,第 19 屆 縣(市)長選舉,縣(市)長選舉,19,2022-11-26,澎湖縣,106891,90360,3,1,52870,51242,1628,84.53,58.51,33.33
2022,第 19 屆 縣(市)長選舉,縣(市)長選舉,19,2022-11-26,基隆市,361114,307913,5,1,185241,182893,2348,85.27,60.16,20
2022,第 19 屆 縣(市)長選舉,縣(市)長選舉,19,2022-11-26,新竹市,451203,350758,6,1,220783,217941,2842,77.74,62.94,16.67
2022,第 19 屆 縣(市)長選舉,縣(市)長選舉,19,2022-11-26,嘉義市,262844,214130,5,1,94188,93813,375,81.47,43.99,20
2022,第 19 屆 縣(市)長選舉,縣(市)長選舉,19,2022-11-26,福建省,154914,134104,9,2,56709,55619,1090,86.57,42.29,22.22
2022,第 19 屆 縣(市)長選舉,縣(市)長選舉,19,2022-11-26,連江縣,13976,11810,3,1,8620,8505,115,84.5,72.99,33.33
2022,第 19 屆 縣(市)長選舉,縣(市)長選舉,19,2022-11-26,連江縣,140938,122294,6,1,48089,47114,975,86.77,39.32,16.67
1998,第 14 屆 縣(市)議員選舉,縣(市)議員選舉,14,1998-01-24,總計,17596741,11854793,1952,890,7427257,7296095,131162,67.37,62.65,45.59
1998,第 14 屆 縣(市)議員選舉,縣(市)議員選舉,14,1998-01-24,台灣省,17541160,11815298,1891,865,7395647,7265097,130550,67.36,62.59,45.74
1998,第 14 屆 縣(市)議員選舉,縣(市)議員選舉,14,1998-01-24,臺北縣,3388741,2250467,155,65,1074791,1055726,19065,66.41,47.76,41.94
1998,第 14 屆 縣(市)議員選舉,縣(市)議員選舉,14,1998-01-24,宜蘭縣,465828,317172,69,34,210860,207568,3292,68.09,66.48,49.28
1998,第 14 屆 縣(市)議員選舉,縣(市)議員選舉,14,1998-01-24,桃園縣,1595481,1039691,168,57,564760,554287,10473,65.16,54.32,33.93
1998,第 14 屆 縣(市)議員選舉,縣(市)議員選舉,14,1998-01-24,新竹縣,418145,278826,75,33,192615,188446,4169,66.68,69.08,44
1998,第 14 屆 縣(市)議員選舉,縣(市)議員選舉,14,1998-01-24,苗栗縣,558936,379276,87,38,254823,250352,4471,67.86,67.19,43.68
1998,第 14 屆 縣(市)議員選舉,縣(市)議員選舉,14,1998-01-24,臺中縣,1438396,931060,115,57,626922,613951,12971,64.73,67.33,49.57
1998,第 14 屆 縣(市)議員選舉,縣(市)議員選舉,14,1998-01-24,彰化縣,1292791,860280,93,54,654250,639768,14482,66.54,76.05,58.06
1998,第 14 屆 縣(市)議員選舉,縣(市)議員選舉,14,1998-01-24,南投縣,545557,374057,73,37,256238,252384,3854,68.56,68.5,50.68
1998,第 14 屆 縣(市)議員選舉,縣(市)議員選舉,14,1998-01-24,雲林縣,751537,525512,81,43,399583,392744,6839,69.92,76.04,53.09
1998,第 14 屆 縣(市)議員選舉,縣(市)議員選舉,14,1998-01-24,嘉義縣,566725,401521,61,37,296866,291301,5565,70.85,73.94,60.66
1998,第 14 屆 縣(市)議員選舉,縣(市)議員選舉,14,1998-01-24,臺南縣,1092344,757839,98,50,532577,523901,8676,69.38,70.28,51.02
1998,第 14 屆 縣(市)議員選舉,縣(市)議員選舉,14,1998-01-24,高雄縣,1217661,837491,124,54,607627,597430,10197,68.78,72.55,43.55
1998,第 14 屆 縣(市)議員選舉,縣(市)議員選舉,14,1998-01-24,屏東縣,912445,631053,133,55,453651,446138,7513,69.16,71.89,41.35
1998,第 14 屆 縣(市)議員選舉,縣(市)議員選舉,14,1998-01-24,臺東縣,252911,176293,74,30,112214,110176,2038,69.71,63.65,40.54
1998,第 14 屆 縣(市)議員選舉,縣(市)議員選舉,14,1998-01-24,花蓮縣,357972,246892,91,33,147516,144485,3031,68.97,59.75,36.26
1998,第 14 屆 縣(市)議員選舉,縣(市)議員選舉,14,1998-01-24,澎湖縣,89731,63829,41,19,47977,47208,769,71.13,75.16,46.34
1998,第 14 屆 縣(市)議員選舉,縣(市)議員選舉,14,1998-01-24,基隆市,376710,259616,76,31,138693,136633,2060,68.92,53.42,40.79
1998,第 14 屆 縣(市)議員選舉,縣(市)議員選舉,14,1998-01-24,新竹市,349150,233115,53,29,117202,115514,1688,66.77,50.28,54.72
1998,第 14 屆 縣(市)議員選舉,縣(市)議員選舉,14,1998-01-24,臺中市,891981,584748,90,45,311661,306953,4708,65.56,53.3,50
1998,第 14 屆 縣(市)議員選舉,縣(市)議員選舉,14,1998-01-24,嘉義市,263085,185454,38,23,106409,104900,1509,70.49,57.38,60.53
1998,第 14 屆 縣(市)議員選舉,縣(市)議員選舉,14,1998-01-24,臺南市,715033,481106,96,41,288412,285232,3180,67.28,59.95,42.71
1998,第 14 屆 縣(市)議員選舉,縣(市)議員選舉,14,1998-01-24,福建省,55581,39495,61,25,31610,30998,612,71.06,80.04,40.98
1998,第 14 屆 縣(市)議員選舉,縣(市)議員選舉,14,1998-01-24,金門縣,48700,33216,44,16,26829,26310,519,68.21,80.77,36.36
1998,第 14 屆 縣(市)議員選舉,縣(市)議員選舉,14,1998-01-24,連江縣,6881,6279,17,9,4781,4688,93,91.25,76.14,52.94
2002,第 15 屆 縣(市)議員選舉,縣(市)議員選舉,15,2002-01-26,總計,18216802,12834476,2057,895,7138439,7035656,102783,70.45,55.62,43.51
2002,第 15 屆 縣(市)議員選舉,縣(市)議員選舉,15,2002-01-26,台灣省,18152271,12787580,1991,871,7107150,7004916,102234,70.45,55.58,43.75
2002,第 15 屆 縣(市)議員選舉,縣(市)議員選舉,15,2002-01-26,臺北縣第十二選區,3593315,2530021,167,65,1096147,1080209,15938,70.41,43.33,38.92
2002,第 15 屆 縣(市)議員選舉,縣(市)議員選舉,15,2002-01-26,宜蘭縣第十二選區,465825,329703,65,34,203912,201221,2691,70.78,61.85,52.31
2002,第 15 屆 縣(市)議員選舉,縣(市)議員選舉,15,2002-01-26,桃園縣第十四選區,1750731,1186291,172,58,591126,582871,8255,67.76,49.83,33.72
2002,第 15 屆 縣(市)議員選舉,縣(市)議員選舉,15,2002-01-26,新竹縣第十一選區,443316,304496,83,34,189202,185997,3205,68.69,62.14,40.96
2002,第 15 屆 縣(市)議員選舉,縣(市)議員選舉,15,2002-01-26,苗栗縣第十一選區,559579,396317,94,38,255980,252449,3531,70.82,64.59,40.43
2002,第 15 屆 縣(市)議員選舉,縣(市)議員選舉,15,2002-01-26,臺中縣第十選區,1498170,1023595,140,57,597997,589060,8937,68.32,58.42,40.71
2002,第 15 屆 縣(市)議員選舉,縣(市)議員選舉,15,2002-01-26,彰化縣第十選區,1311923,917378,105,54,592727,580957,11770,69.93,64.61,51.43
2002,第 15 屆 縣(市)議員選舉,縣(市)議員選舉,15,2002-01-26,南投縣第十選區,541242,387236,95,37,257960,254860,3100,71.55,66.62,38.95
2002,第 15 屆 縣(市)議員選舉,縣(市)議員選舉,15,2002-01-26,雲林縣第十選區,742219,542104,78,43,369177,363089,6088,73.04,68.1,55.13
2002,第 15 屆 縣(市)議員選舉,縣(市)議員選舉,15,2002-01-26,嘉義縣第十選區,562978,413678,68,37,271150,266903,4247,73.48,65.55,54.41
2002,第 15 屆 縣(市)議員選舉,縣(市)議員選舉,15,2002-01-26,臺南縣第十選區,1106619,801207,95,50,492644,486524,6120,72.4,61.49,52.63
2002,第 15 屆 縣(市)議員選舉,縣(市)議員選舉,15,2002-01-26,高雄縣第十選區,1235089,889333,106,53,545204,536901,8303,72.01,61.3,50
2002,第 15 屆 縣(市)議員選舉,縣(市)議員選舉,15,2002-01-26,屏東縣第十六選區,906799,655883,118,55,449829,443767,6062,72.33,68.58,46.61
2002,第 15 屆 縣(市)議員選舉,縣(市)議員選舉,15,2002-01-26,臺東縣第十四選區,244219,176973,76,30,105149,103425,1724,72.46,59.42,39.47
2002,第 15 屆 縣(市)議員選舉,縣(市)議員選舉,15,2002-01-26,花蓮縣第十選區,352809,253780,65,33,134838,131762,3076,71.93,53.13,50.77
2002,第 15 屆 縣(市)議員選舉,縣(市)議員選舉,15,2002-01-26,澎湖縣第十選區,91052,67468,44,19,48277,47606,671,74.1,71.56,43.18
2002,第 15 屆 縣(市)議員選舉,縣(市)議員選舉,15,2002-01-26,基隆市第十選區,389992,279739,70,32,134639,133442,1197,71.73,48.13,45.71
2002,第 15 屆 縣(市)議員選舉,縣(市)議員選舉,15,2002-01-26,新竹市第十選區,371295,257215,81,31,118750,117416,1334,69.28,46.17,38.27
2002,第 15 屆 縣(市)議員選舉,縣(市)議員選舉,15,2002-01-26,臺中市第十選區,978467,666445,109,47,274055,271526,2529,68.11,41.12,43.12
2002,第 15 屆 縣(市)議員選舉,縣(市)議員選舉,15,2002-01-26,嘉義市第十選區,267821,186659,61,23,115004,113736,1268,69.7,61.61,37.7
2002,第 15 屆 縣(市)議員選舉,縣(市)議員選舉,15,2002-01-26,臺南市第十選區,738811,522059,99,41,263383,261195,2188,70.66,50.45,41.41
2002,第 15 屆 縣(市)議員選舉,縣(市)議員選舉,15,2002-01-26,福建省,64531,46896,66,24,31289,30740,549,72.67,66.72,36.36
2002,第 15 屆 縣(市)議員選舉,縣(市)議員選舉,15,2002-01-26,金門縣第十選區,56215,40308,48,16,27082,26642,440,71.7,67.19,33.33
2002,第 15 屆 縣(市)議員選舉,縣(市)議員選舉,15,2002-01-26,連江縣第十選區,8316,6588,18,8,4207,4098,109,79.22,63.86,44.44
2005,第 16 屆 縣(市)議員選舉,縣(市)議員選舉,16,2005-12-03,總計,18607680,13620224,1689,901,9023847,8827152,196695,73.2,66.25,53.35
2005,第 16 屆 縣(市)議員選舉,縣(市)議員選舉,16,2005-12-03,台灣省,18528888,13560032,1641,874,8986221,8790234,195987,73.18,66.27,53.26
2005,第 16 屆 縣(市)議員選舉,縣(市)議員選舉,16,2005-12-03,臺北縣,3726039,2745112,143,65,1822444,1776184,46260,73.67,66.39,45.45
2005,第 16 屆 縣(市)議員選舉,縣(市)議員選舉,16,2005-12-03,宜蘭縣,461505,339527,57,34,238683,233505,5178,73.57,70.3,59.65
2005,第 16 屆 縣(市)議員選舉,縣(市)議員選舉,16,2005-12-03,桃園縣,1871474,1315705,128,59,813389,796620,16769,70.3,61.82,46.09
2005,第 16 屆 縣(市)議員選舉,縣(市)議員選舉,16,2005-12-03,新竹縣,474265,335410,60,34,238624,232569,6055,70.72,71.14,56.67
2005,第 16 屆 縣(市)議員選舉,縣(市)議員選舉,16,2005-12-03,苗栗縣,559558,410955,77,38,285488,279991,5497,73.44,69.47,49.35
2005,第 16 屆 縣(市)議員選舉,縣(市)議員選舉,16,2005-12-03,臺中縣,1530298,1091728,117,57,718553,705134,13419,71.34,65.82,48.72
2005,第 16 屆 縣(市)議員選舉,縣(市)議員選舉,16,2005-12-03,彰化縣,1315020,960034,93,54,683357,665251,18106,73.01,71.18,58.06
2005,第 16 屆 縣(市)議員選舉,縣(市)議員選舉,16,2005-12-03,南投縣,537345,398665,66,37,281026,275664,5362,74.19,70.49,56.06
2005,第 16 屆 縣(市)議員選舉,縣(市)議員選舉,16,2005-12-03,雲林縣,734052,553168,73,43,385745,377689,8056,75.36,69.73,58.9
2005,第 16 屆 縣(市)議員選舉,縣(市)議員選舉,16,2005-12-03,嘉義縣,556365,422144,56,37,302538,296279,6259,75.88,71.67,66.07
2005,第 16 屆 縣(市)議員選舉,縣(市)議員選舉,16,2005-12-03,臺南縣,1105050,833631,83,50,543646,530931,12715,75.44,65.21,60.24
2005,第 16 屆 縣(市)議員選舉,縣(市)議員選舉,16,2005-12-03,高雄縣,1240203,927738,96,54,607663,595594,12069,74.81,65.5,56.25
2005,第 16 屆 縣(市)議員選舉,縣(市)議員選舉,16,2005-12-03,屏東縣,898611,672001,93,55,475207,466018,9189,74.78,70.72,59.14
2005,第 16 屆 縣(市)議員選舉,縣(市)議員選舉,16,2005-12-03,臺東縣,239184,178587,61,30,108124,105646,2478,74.67,60.54,49.18
2005,第 16 屆 縣(市)議員選舉,縣(市)議員選舉,16,2005-12-03,花蓮縣,347641,258125,73,33,159110,155222,3888,74.25,61.64,45.21
2005,第 16 屆 縣(市)議員選舉,縣(市)議員選舉,16,2005-12-03,澎湖縣,92362,70377,36,19,50794,49942,852,76.2,72.17,52.78
2005,第 16 屆 縣(市)議員選舉,縣(市)議員選舉,16,2005-12-03,基隆市,392084,291248,71,32,186735,183977,2758,74.28,64.12,45.07
2005,第 16 屆 縣(市)議員選舉,縣(市)議員選舉,16,2005-12-03,新竹市,389488,275898,59,32,164670,161405,3265,70.84,59.69,54.24
2005,第 16 屆 縣(市)議員選舉,縣(市)議員選舉,16,2005-12-03,臺中市,1029644,727638,84,46,453389,443483,9906,70.67,62.31,54.76
2005,第 16 屆 縣(市)議員選舉,縣(市)議員選舉,16,2005-12-03,嘉義市,271949,195687,39,24,138522,135225,3297,71.96,70.79,61.54
2005,第 16 屆 縣(市)議員選舉,縣(市)議員選舉,16,2005-12-03,臺南市,756751,556654,76,41,328514,323905,4609,73.56,59.02,53.95
2005,第 16 屆 縣(市)議員選舉,縣(市)議員選舉,16,2005-12-03,福建省,78792,60192,48,27,37626,36918,708,76.39,62.51,56.25
2005,第 16 屆 縣(市)議員選舉,縣(市)議員選舉,16,2005-12-03,金門縣,68265,52039,30,18,32668,32062,606,76.23,62.78,60
2005,第 16 屆 縣(市)議員選舉,縣(市)議員選舉,16,2005-12-03,連江縣,10527,8153,18,9,4958,4856,102,77.45,60.81,50
2009,第 17 屆 縣(市)議員選舉,縣(市)議員選舉,17,2009-12-05,總計,9346529,7036653,935,592,4460846,4370149,90697,75.29,63.39,63.32
2009,第 17 屆 縣(市)議員選舉,縣(市)議員選舉,17,2009-12-05,台灣省,9244037,6956540,893,564,4416311,4326828,89483,75.25,63.48,63.16
2009,第 17 屆 縣(市)議員選舉,縣(市)議員選舉,17,2009-12-05,宜蘭縣,461345,350734,56,34,248060,241665,6395,76.02,70.73,60.71
2009,第 17 屆 縣(市)議員選舉,縣(市)議員選舉,17,2009-12-05,桃園縣,1974758,1432291,99,60,770634,757542,13092,72.53,53.8,60.61
2009,第 17 屆 縣(市)議員選舉,縣(市)議員選舉,17,2009-12-05,新竹縣,509453,368737,57,35,256383,246913,9470,72.38,69.53,61.4
2009,第 17 屆 縣(市)議員選舉,縣(市)議員選舉,17,2009-12-05,苗栗縣,561315,425433,66,38,290660,285363,5297,75.79,68.32,57.58
2009,第 17 屆 縣(市)議員選舉,縣(市)議員選舉,17,2009-12-05,彰化縣,1311971,990637,82,54,649758,634589,15169,75.51,65.59,65.85
2009,第 17 屆 縣(市)議員選舉,縣(市)議員選舉,17,2009-12-05,南投縣,530769,407702,58,37,276277,272032,4245,76.81,67.76,63.79
2009,第 17 屆 縣(市)議員選舉,縣(市)議員選舉,17,2009-12-05,雲林縣,722831,559758,66,43,361810,355248,6562,77.44,64.64,65.15
2009,第 17 屆 縣(市)議員選舉,縣(市)議員選舉,17,2009-12-05,嘉義縣,547267,428386,53,37,322589,316039,6550,78.28,75.3,69.81
2009,第 17 屆 縣(市)議員選舉,縣(市)議員選舉,17,2009-12-05,屏東縣,882575,681412,85,55,464252,455906,8346,77.21,68.13,64.71
2009,第 17 屆 縣(市)議員選舉,縣(市)議員選舉,17,2009-12-05,臺東縣,232290,177951,49,30,110158,107223,2935,76.61,61.9,61.22
2009,第 17 屆 縣(市)議員選舉,縣(市)議員選舉,17,2009-12-05,花蓮縣,340910,260518,56,33,155052,151404,3648,76.42,59.52,58.93
2009,第 17 屆 縣(市)議員選舉,縣(市)議員選舉,17,2009-12-05,澎湖縣,95751,74921,27,19,47467,46269,1198,78.25,63.36,70.37
2009,第 17 屆 縣(市)議員選舉,縣(市)議員選舉,17,2009-12-05,基隆市,388542,298804,52,32,158651,156444,2207,76.9,53.1,61.54
2009,第 17 屆 縣(市)議員選舉,縣(市)議員選舉,17,2009-12-05,新竹市,410399,297090,57,33,169129,166792,2337,72.39,56.93,57.89
2009,第 17 屆 縣(市)議員選舉,縣(市)議員選舉,17,2009-12-05,嘉義市,273861,202166,30,24,135431,133399,2032,73.82,66.99,80
2009,第 17 屆 縣(市)議員選舉,縣(市)議員選舉,17,2009-12-05,福建省,102492,80113,42,28,44535,43321,1214,78.17,55.59,66.67
2009,第 17 屆 縣(市)議員選舉,縣(市)議員選舉,17,2009-12-05,金門縣,92602,72421,30,19,38977,38022,955,78.21,53.82,63.33
2009,第 17 屆 縣(市)議員選舉,縣(市)議員選舉,17,2009-12-05,連江縣,9890,7692,12,9,5558,5299,259,77.78,72.26,75
2014,第 18 屆 縣(市)議員選舉,縣(市)議員選舉,18,2014-11-29,總計,7325316,5791230,912,532,4079933,3950833,129100,79.06,70.45,58.33
2014,第 18 屆 縣(市)議員選舉,縣(市)議員選舉,18,2014-11-29,台灣省,7186242,5677819,860,504,4026479,3898750,127729,79.01,70.92,58.6
2014,第 18 屆 縣(市)議員選舉,縣(市)議員選舉,18,2014-11-29,宜蘭縣,458799,363742,63,34,256739,250213,6526,79.28,70.58,53.97
2014,第 18 屆 縣(市)議員選舉,縣(市)議員選舉,18,2014-11-29,新竹縣,536539,402357,64,36,276955,266771,10184,74.99,68.83,56.25
2014,第 18 屆 縣(市)議員選舉,縣(市)議員選舉,18,2014-11-29,苗栗縣,567044,445523,62,38,324575,314552,10023,78.57,72.85,61.29
2014,第 18 屆 縣(市)議員選舉,縣(市)議員選舉,18,2014-11-29,彰化縣,1292098,1014598,88,54,740345,714429,25916,78.52,72.97,61.36
2014,第 18 屆 縣(市)議員選舉,縣(市)議員選舉,18,2014-11-29,南投縣,514894,413808,68,37,302619,294467,8152,80.37,73.13,54.41
2014,第 18 屆 縣(市)議員選舉,縣(市)議員選舉,18,2014-11-29,雲林縣,706634,565070,71,43,418809,407455,11354,79.97,74.12,60.56
2014,第 18 屆 縣(市)議員選舉,縣(市)議員選舉,18,2014-11-29,嘉義縣,525775,430266,50,37,319239,303569,15670,81.83,74.2,74
2014,第 18 屆 縣(市)議員選舉,縣(市)議員選舉,18,2014-11-29,屏東縣,849113,685989,89,55,504665,491192,13473,80.79,73.57,61.8
2014,第 18 屆 縣(市)議員選舉,縣(市)議員選舉,18,2014-11-29,臺東縣,224807,178801,52,30,121308,114992,6316,79.54,67.85,57.69
2014,第 18 屆 縣(市)議員選舉,縣(市)議員選舉,18,2014-11-29,花蓮縣,333413,264653,58,33,163737,158301,5436,79.38,61.87,56.9
2014,第 18 屆 縣(市)議員選舉,縣(市)議員選舉,18,2014-11-29,澎湖縣,101548,82165,33,19,54472,51498,2974,80.91,66.3,57.58
2014,第 18 屆 縣(市)議員選舉,縣(市)議員選舉,18,2014-11-29,基隆市,373463,302086,65,31,193313,189213,4100,80.89,63.99,47.69
2014,第 18 屆 縣(市)議員選舉,縣(市)議員選舉,18,2014-11-29,新竹市,431336,321036,63,33,202217,197530,4687,74.43,62.99,52.38
2014,第 18 屆 縣(市)議員選舉,縣(市)議員選舉,18,2014-11-29,嘉義市,270779,207725,34,24,147486,144568,2918,76.71,71,70.59
2014,第 18 屆 縣(市)議員選舉,縣(市)議員選舉,18,2014-11-29,福建省,139074,113411,52,28,53454,52083,1371,81.55,47.13,53.85
2014,第 18 屆 縣(市)議員選舉,縣(市)議員選舉,18,2014-11-29,金門縣,126562,103376,37,19,46726,45443,1283,81.68,45.2,51.35
2014,第 18 屆 縣(市)議員選舉,縣(市)議員選舉,18,2014-11-29,連江縣,12512,10035,15,9,6728,6640,88,80.2,67.05,60
2018,第 19 屆 縣(市)議員選舉,縣(市)議員選舉,19,2018-11-24,總計,7247371,5891213,1003,532,4059143,3918475,140668,81.29,68.9,53.04
2018,第 19 屆 縣(市)議員選舉,縣(市)議員選舉,19,2018-11-24,台灣省,7095464,5762679,955,504,4001074,3862789,138285,81.22,69.43,52.77
2018,第 19 屆 縣(市)議員選舉,縣(市)議員選舉,19,2018-11-24,宜蘭縣,455508,372608,73,34,257607,247198,10409,81.8,69.14,46.58
2018,第 19 屆 縣(市)議員選舉,縣(市)議員選舉,19,2018-11-24,新竹縣,556307,426922,81,36,290379,278561,11818,76.74,68.02,44.44
2018,第 19 屆 縣(市)議員選舉,縣(市)議員選舉,19,2018-11-24,苗栗縣,549798,446058,71,38,315688,304738,10950,81.13,70.77,53.52
2018,第 19 屆 縣(市)議員選舉,縣(市)議員選舉,19,2018-11-24,彰化縣,1278437,1030101,87,54,730503,702209,28294,80.58,70.92,62.07
2018,第 19 屆 縣(市)議員選舉,縣(市)議員選舉,19,2018-11-24,南投縣,497876,412949,61,37,300531,292334,8197,82.94,72.78,60.66
2018,第 19 屆 縣(市)議員選舉,縣(市)議員選舉,19,2018-11-24,雲林縣,687195,564688,75,43,404248,390180,14068,82.17,71.59,57.33
2018,第 19 屆 縣(市)議員選舉,縣(市)議員選舉,19,2018-11-24,嘉義縣,507780,428415,59,37,303243,291595,11648,84.37,70.78,62.71
2018,第 19 屆 縣(市)議員選舉,縣(市)議員選舉,19,2018-11-24,屏東縣,826779,688694,99,55,489815,473531,16284,83.3,71.12,55.56
2018,第 19 屆 縣(市)議員選舉,縣(市)議員選舉,19,2018-11-24,臺東縣,219268,179489,67,30,122668,118889,3779,81.86,68.34,44.78
2018,第 19 屆 縣(市)議員選舉,縣(市)議員選舉,19,2018-11-24,花蓮縣,328331,268161,69,33,174087,168365,5722,81.67,64.92,47.83
2018,第 19 屆 縣(市)議員選舉,縣(市)議員選舉,19,2018-11-24,澎湖縣,104400,86497,38,19,54418,52748,1670,82.85,62.91,50
2018,第 19 屆 縣(市)議員選舉,縣(市)議員選舉,19,2018-11-24,基隆市,370269,308433,60,31,192811,187583,5228,83.3,62.51,51.67
2018,第 19 屆 縣(市)議員選舉,縣(市)議員選舉,19,2018-11-24,新竹市,444775,337136,72,34,220751,214526,6225,75.8,65.48,47.22
2018,第 19 屆 縣(市)議員選舉,縣(市)議員選舉,19,2018-11-24,嘉義市,268741,212528,43,23,144325,140332,3993,79.08,67.91,53.49
2018,第 19 屆 縣(市)議員選舉,縣(市)議員選舉,19,2018-11-24,福建省,151907,128534,48,28,58069,55686,2383,84.61,45.18,58.33
2018,第 19 屆 縣(市)議員選舉,縣(市)議員選舉,19,2018-11-24,金門縣,138845,117763,35,19,50385,48197,2188,84.82,42.79,54.29
2018,第 19 屆 縣(市)議員選舉,縣(市)議員選舉,19,2018-11-24,連江縣,13062,10771,13,9,7684,7489,195,82.46,71.34,69.23
2022,第 20 屆 縣(市)議員選舉,縣(市)議員選舉,20,2022-11-26,總計,7109207,5899546,937,533,3768911,3654155,114756,82.98,63.88,56.88
2022,第 20 屆 縣(市)議員選舉,縣(市)議員選舉,20,2022-11-26,台灣省,6954293,5765548,890,505,3712235,3598816,113419,82.91,64.39,56.74
2022,第 20 屆 縣(市)議員選舉,縣(市)議員選舉,20,2022-11-26,宜蘭縣,449012,373619,58,34,240442,230838,9604,83.21,64.35,58.62
2022,第 20 屆 縣(市)議員選舉,縣(市)議員選舉,20,2022-11-26,新竹縣,578949,451910,73,37,266781,256859,9922,78.06,59.03,50.68
2022,第 20 屆 縣(市)議員選舉,縣(市)議員選舉,20,2022-11-26,苗栗縣,535149,443426,72,38,298113,289108,9005,82.86,67.23,52.78
2022,第 20 屆 縣(市)議員選舉,縣(市)議員選舉,20,2022-11-26,彰化縣,1245445,1027448,86,54,667182,646468,20714,82.5,64.94,62.79
2022,第 20 屆 縣(市)議員選舉,縣(市)議員選舉,20,2022-11-26,南投縣,479889,405941,68,37,280528,273431,7097,84.59,69.11,54.41
2022,第 20 屆 縣(市)議員選舉,縣(市)議員選舉,20,2022-11-26,雲林縣,664604,558880,69,43,376566,365299,11267,84.09,67.38,62.32
2022,第 20 屆 縣(市)議員選舉,縣(市)議員選舉,20,2022-11-26,嘉義縣,488920,422336,57,37,284429,274815,9614,86.38,67.35,64.91
2022,第 20 屆 縣(市)議員選舉,縣(市)議員選舉,20,2022-11-26,屏東縣,798965,678576,101,55,456105,443347,12758,84.93,67.22,54.46
2022,第 20 屆 縣(市)議員選舉,縣(市)議員選舉,20,2022-11-26,臺東縣,212712,177676,61,30,115164,110575,4589,83.53,64.82,49.18
2022,第 20 屆 縣(市)議員選舉,縣(市)議員選舉,20,2022-11-26,花蓮縣,318849,265408,58,33,152914,147707,5207,83.24,57.61,56.9
2022,第 20 屆 縣(市)議員選舉,縣(市)議員選舉,20,2022-11-26,澎湖縣,106891,90235,29,19,52815,50762,2053,84.42,58.53,65.52
2022,第 20 屆 縣(市)議員選舉,縣(市)議員選舉,20,2022-11-26,基隆市,361114,306929,56,31,184791,181138,3653,85,60.21,55.36
2022,第 20 屆 縣(市)議員選舉,縣(市)議員選舉,20,2022-11-26,新竹市,451203,349524,62,34,220116,214381,5735,77.46,62.98,54.84
2022,第 20 屆 縣(市)議員選舉,縣(市)議員選舉,20,2022-11-26,嘉義市,262591,213640,40,23,116289,114088,2201,81.36,54.43,57.5
2022,第 20 屆 縣(市)議員選舉,縣(市)議員選舉,20,2022-11-26,福建省,154914,133998,47,28,56676,55339,1337,86.5,42.3,59.57
2022,第 20 屆 縣(市)議員選舉,縣(市)議員選舉,20,2022-11-26,金門縣,140938,122194,32,19,48063,46880,1183,86.7,39.33,59.38
2022,第 20 屆 縣(市)議員選舉,縣(市)議員選舉,20,2022-11-26,連江縣,13976,11804,15,9,8613,8459,154,84.46,72.97,60
1998,第 13 屆 鄉鎮(縣轄市)長選舉,鄉鎮(縣轄市)長選舉,13,1998-01-24,總計,15000901,10069401,827,319,6447382,6255321,192061,67.13,64.03,38.57
1998,第 13 屆 鄉鎮(縣轄市)長選舉,鄉鎮(縣轄市)長選舉,13,1998-01-24,台灣省,14945320,10030245,805,309,6416023,6224920,191103,67.11,63.97,38.39
1998,第 13 屆 鄉鎮(縣轄市)長選舉,鄉鎮(縣轄市)長選舉,13,1998-01-24,臺北縣,3388741,2236468,74,29,1071306,1044573,26733,66,47.9,39.19
1998,第 13 屆 鄉鎮(縣轄市)長選舉,鄉鎮(縣轄市)長選舉,13,1998-01-24,宜蘭縣,465828,314541,31,12,209170,204436,4734,67.52,66.5,38.71
1998,第 13 屆 鄉鎮(縣轄市)長選舉,鄉鎮(縣轄市)長選舉,13,1998-01-24,桃園縣,1595481,1034243,39,13,563148,547139,16009,64.82,54.45,33.33
1998,第 13 屆 鄉鎮(縣轄市)長選舉,鄉鎮(縣轄市)長選舉,13,1998-01-24,新竹縣,418264,278052,35,13,192222,187047,5175,66.48,69.13,37.14
1998,第 13 屆 鄉鎮(縣轄市)長選舉,鄉鎮(縣轄市)長選舉,13,1998-01-24,苗栗縣,558936,378337,48,18,254411,247254,7157,67.69,67.24,37.5
1998,第 13 屆 鄉鎮(縣轄市)長選舉,鄉鎮(縣轄市)長選舉,13,1998-01-24,臺中縣,1438396,927456,65,21,625325,604815,20510,64.48,67.42,32.31
1998,第 13 屆 鄉鎮(縣轄市)長選舉,鄉鎮(縣轄市)長選舉,13,1998-01-24,彰化縣,1292791,857455,69,26,652513,628004,24509,66.33,76.1,37.68
1998,第 13 屆 鄉鎮(縣轄市)長選舉,鄉鎮(縣轄市)長選舉,13,1998-01-24,南投縣,545557,373237,39,13,255813,244611,11202,68.41,68.54,33.33
1998,第 13 屆 鄉鎮(縣轄市)長選舉,鄉鎮(縣轄市)長選舉,13,1998-01-24,雲林縣,751537,524496,45,20,398814,387653,11161,69.79,76.04,44.44
1998,第 13 屆 鄉鎮(縣轄市)長選舉,鄉鎮(縣轄市)長選舉,13,1998-01-24,嘉義縣,566725,401418,44,18,296464,287320,9144,70.83,73.85,40.91
1998,第 13 屆 鄉鎮(縣轄市)長選舉,鄉鎮(縣轄市)長選舉,13,1998-01-24,臺南縣,1092344,755552,88,31,531368,517393,13975,69.17,70.33,35.23
1998,第 13 屆 鄉鎮(縣轄市)長選舉,鄉鎮(縣轄市)長選舉,13,1998-01-24,高雄縣,1217661,834697,67,27,606235,587729,18506,68.55,72.63,40.3
1998,第 13 屆 鄉鎮(縣轄市)長選舉,鄉鎮(縣轄市)長選舉,13,1998-01-24,屏東縣,912445,629047,83,33,452862,444507,8355,68.94,71.99,39.76
1998,第 13 屆 鄉鎮(縣轄市)長選舉,鄉鎮(縣轄市)長選舉,13,1998-01-24,臺東縣,252911,175688,37,16,111908,107649,4259,69.47,63.7,43.24
1998,第 13 屆 鄉鎮(縣轄市)長選舉,鄉鎮(縣轄市)長選舉,13,1998-01-24,花蓮縣,357972,245324,31,13,146840,139340,7500,68.53,59.86,41.94
1998,第 13 屆 鄉鎮(縣轄市)長選舉,鄉鎮(縣轄市)長選舉,13,1998-01-24,澎湖縣,89731,64234,10,6,47624,45450,2174,71.59,74.14,60
1998,第 13 屆 鄉鎮(縣轄市)長選舉,鄉鎮(縣轄市)長選舉,13,1998-01-24,福建省,55581,39156,22,10,31359,30401,958,70.45,80.09,45.45
1998,第 13 屆 鄉鎮(縣轄市)長選舉,鄉鎮(縣轄市)長選舉,13,1998-01-24,金門縣,48700,33010,15,6,26671,25897,774,67.78,80.8,40
1998,第 13 屆 鄉鎮(縣轄市)長選舉,鄉鎮(縣轄市)長選舉,13,1998-01-24,連江縣,6881,6146,7,4,4688,4504,184,89.32,76.28,57.14
2002,第 14 屆 鄉鎮(縣轄市)長選舉,鄉鎮(縣轄市)長選舉,14,2002-01-26,總計,15470416,10899572,881,319,6220298,6072262,148036,70.45,57.07,36.21
2002,第 14 屆 鄉鎮(縣轄市)長選舉,鄉鎮(縣轄市)長選舉,14,2002-01-26,台灣省,15405885,10852841,851,309,6189115,6042425,146690,70.45,57.03,36.31
2002,第 14 屆 鄉鎮(縣轄市)長選舉,鄉鎮(縣轄市)長選舉,14,2002-01-26,臺北縣,3593315,2527329,90,29,1094594,1077075,17519,70.33,43.31,32.22
2002,第 14 屆 鄉鎮(縣轄市)長選舉,鄉鎮(縣轄市)長選舉,14,2002-01-26,宜蘭縣第十二選區,465825,328118,33,12,203120,199704,3416,70.44,61.9,36.36
2002,第 14 屆 鄉鎮(縣轄市)長選舉,鄉鎮(縣轄市)長選舉,14,2002-01-26,桃園縣第十三選區,1750731,1184648,45,13,590094,577356,12738,67.67,49.81,28.89
2002,第 14 屆 鄉鎮(縣轄市)長選舉,鄉鎮(縣轄市)長選舉,14,2002-01-26,新竹縣第十三選區,443316,304025,29,13,188969,182951,6018,68.58,62.16,44.83
2002,第 14 屆 鄉鎮(縣轄市)長選舉,鄉鎮(縣轄市)長選舉,14,2002-01-26,苗栗縣第十三選區,559579,395592,51,18,255640,249731,5909,70.69,64.62,35.29
2002,第 14 屆 鄉鎮(縣轄市)長選舉,鄉鎮(縣轄市)長選舉,14,2002-01-26,臺中縣第十三選區,1498170,1019199,70,21,595436,582460,12976,68.03,58.42,30
2002,第 14 屆 鄉鎮(縣轄市)長選舉,鄉鎮(縣轄市)長選舉,14,2002-01-26,彰化縣第十三選區,1311923,915274,75,26,591754,573876,17878,69.77,64.65,34.67
2002,第 14 屆 鄉鎮(縣轄市)長選舉,鄉鎮(縣轄市)長選舉,14,2002-01-26,南投縣第十三選區,541242,386620,42,13,257643,251742,5901,71.43,66.64,30.95
2002,第 14 屆 鄉鎮(縣轄市)長選舉,鄉鎮(縣轄市)長選舉,14,2002-01-26,雲林縣第十三選區,742219,541243,57,20,368707,356513,12194,72.92,68.12,35.09
2002,第 14 屆 鄉鎮(縣轄市)長選舉,鄉鎮(縣轄市)長選舉,14,2002-01-26,嘉義縣第十三選區,562978,413038,39,18,270805,263655,7150,73.37,65.56,46.15
2002,第 14 屆 鄉鎮(縣轄市)長選舉,鄉鎮(縣轄市)長選舉,14,2002-01-26,臺南縣第十三選區,1106619,800059,80,31,491669,476864,14805,72.3,61.45,38.75
2002,第 14 屆 鄉鎮(縣轄市)長選舉,鄉鎮(縣轄市)長選舉,14,2002-01-26,高雄縣第十三選區,1235089,887213,72,27,544226,532340,11886,71.83,61.34,37.5
2002,第 14 屆 鄉鎮(縣轄市)長選舉,鄉鎮(縣轄市)長選舉,14,2002-01-26,屏東縣第十三選區,906799,654213,88,33,449066,440100,8966,72.15,68.64,37.5
2002,第 14 屆 鄉鎮(縣轄市)長選舉,鄉鎮(縣轄市)長選舉,14,2002-01-26,臺東縣第十六選區,244219,176363,32,16,104907,102043,2864,72.22,59.48,50
2002,第 14 屆 鄉鎮(縣轄市)長選舉,鄉鎮(縣轄市)長選舉,14,2002-01-26,花蓮縣第十三選區,352809,252596,34,13,134335,131589,2746,71.6,53.18,38.24
2002,第 14 屆 鄉鎮(縣轄市)長選舉,鄉鎮(縣轄市)長選舉,14,2002-01-26,澎湖縣第十三選區,91052,67311,14,6,48150,44426,3724,73.93,71.53,42.86
2002,第 14 屆 鄉鎮(縣轄市)長選舉,鄉鎮(縣轄市)長選舉,14,2002-01-26,福建省,64531,46731,30,10,31183,29837,1346,72.42,66.73,33.33
2002,第 14 屆 鄉鎮(縣轄市)長選舉,鄉鎮(縣轄市)長選舉,14,2002-01-26,金門縣第十三選區,56215,40180,22,6,26996,25818,1178,71.48,67.19,27.27
2002,第 14 屆 鄉鎮(縣轄市)長選舉,鄉鎮(縣轄市)長選舉,14,2002-01-26,連江縣第十三選區,8316,6551,8,4,4187,4019,168,78.78,63.91,50
2005,第 15 屆 鄉鎮(縣轄市)長選舉,鄉鎮(縣轄市)長選舉,15,2005-12-03,總計,15767764,11542509,788,319,7737553,7483533,254020,73.2,67.04,40.48
2005,第 15 屆 鄉鎮(縣轄市)長選舉,鄉鎮(縣轄市)長選舉,15,2005-12-03,台灣省,15688972,11482512,765,309,7700034,7447913,252121,73.19,67.06,40.39
2005,第 15 屆 鄉鎮(縣轄市)長選舉,鄉鎮(縣轄市)長選舉,15,2005-12-03,臺北縣,3726039,2735757,73,29,1817965,1775404,42561,73.42,66.45,39.73
2005,第 15 屆 鄉鎮(縣轄市)長選舉,鄉鎮(縣轄市)長選舉,15,2005-12-03,宜蘭縣,461505,338223,30,12,237942,229985,7957,73.29,70.35,40
2005,第 15 屆 鄉鎮(縣轄市)長選舉,鄉鎮(縣轄市)長選舉,15,2005-12-03,桃園縣,1871474,1310968,34,13,811483,787845,23638,70.05,61.9,38.24
2005,第 15 屆 鄉鎮(縣轄市)長選舉,鄉鎮(縣轄市)長選舉,15,2005-12-03,新竹縣,474265,334715,32,13,238351,229717,8634,70.58,71.21,40.62
2005,第 15 屆 鄉鎮(縣轄市)長選舉,鄉鎮(縣轄市)長選舉,15,2005-12-03,苗栗縣,559558,410214,46,18,285107,274559,10548,73.31,69.5,39.13
2005,第 15 屆 鄉鎮(縣轄市)長選舉,鄉鎮(縣轄市)長選舉,15,2005-12-03,臺中縣,1530298,1089195,56,21,717357,684796,32561,71.18,65.86,37.5
2005,第 15 屆 鄉鎮(縣轄市)長選舉,鄉鎮(縣轄市)長選舉,15,2005-12-03,彰化縣,1315020,958136,69,26,682374,658603,23771,72.86,71.22,37.68
2005,第 15 屆 鄉鎮(縣轄市)長選舉,鄉鎮(縣轄市)長選舉,15,2005-12-03,南投縣,537345,398128,36,13,280747,271091,9656,74.09,70.52,36.11
2005,第 15 屆 鄉鎮(縣轄市)長選舉,鄉鎮(縣轄市)長選舉,15,2005-12-03,雲林縣,734052,552383,48,20,385270,366006,19264,75.25,69.75,41.67
2005,第 15 屆 鄉鎮(縣轄市)長選舉,鄉鎮(縣轄市)長選舉,15,2005-12-03,嘉義縣,556365,421687,34,18,302295,289586,12709,75.79,71.69,52.94
2005,第 15 屆 鄉鎮(縣轄市)長選舉,鄉鎮(縣轄市)長選舉,15,2005-12-03,臺南縣,1105050,831861,73,31,542836,523979,18857,75.28,65.26,42.47
2005,第 15 屆 鄉鎮(縣轄市)長選舉,鄉鎮(縣轄市)長選舉,15,2005-12-03,高雄縣,1240203,925495,66,27,606854,588998,17856,74.62,65.57,40.91
2005,第 15 屆 鄉鎮(縣轄市)長選舉,鄉鎮(縣轄市)長選舉,15,2005-12-03,屏東縣,898611,670396,92,33,474360,460292,14068,74.6,70.76,35.87
2005,第 15 屆 鄉鎮(縣轄市)長選舉,鄉鎮(縣轄市)長選舉,15,2005-12-03,臺東縣,239184,178194,35,16,107933,104434,3499,74.5,60.57,45.71
2005,第 15 屆 鄉鎮(縣轄市)長選舉,鄉鎮(縣轄市)長選舉,15,2005-12-03,花蓮縣,347641,256904,27,13,158461,153470,4991,73.9,61.68,48.15
2005,第 15 屆 鄉鎮(縣轄市)長選舉,鄉鎮(縣轄市)長選舉,15,2005-12-03,澎湖縣,92362,70256,14,6,50699,49148,1551,76.07,72.16,42.86
2005,第 15 屆 鄉鎮(縣轄市)長選舉,鄉鎮(縣轄市)長選舉,15,2005-12-03,福建省,78792,59997,23,10,37519,35620,1899,76.15,62.53,43.48
2005,第 15 屆 鄉鎮(縣轄市)長選舉,鄉鎮(縣轄市)長選舉,15,2005-12-03,金門縣,68265,51852,11,6,32565,30752,1813,75.96,62.8,54.55
2005,第 15 屆 鄉鎮(縣轄市)長選舉,鄉鎮(縣轄市)長選舉,15,2005-12-03,連江縣,10527,8145,12,4,4954,4868,86,77.37,60.82,33.33
2009,第 16 屆 鄉鎮(縣轄市)長選舉,鄉鎮(縣轄市)長選舉,16,2009-12-05,總計,8273727,6229428,470,211,3993620,3820810,172810,75.29,64.11,44.89
2009,第 16 屆 鄉鎮(縣轄市)長選舉,鄉鎮(縣轄市)長選舉,16,2009-12-05,台灣省,8171235,6149487,446,201,3949166,3777792,171374,75.26,64.22,45.07
2009,第 16 屆 鄉鎮(縣轄市)長選舉,鄉鎮(縣轄市)長選舉,16,2009-12-05,宜蘭縣,461345,350082,27,12,247682,241883,5799,75.88,70.75,44.44
2009,第 16 屆 鄉鎮(縣轄市)長選舉,鄉鎮(縣轄市)長選舉,16,2009-12-05,桃園縣,1974758,1429538,27,13,769991,736857,33134,72.39,53.86,48.15
2009,第 16 屆 鄉鎮(縣轄市)長選舉,鄉鎮(縣轄市)長選舉,16,2009-12-05,新竹縣,509453,368336,28,13,256162,243220,12942,72.3,69.55,46.43
2009,第 16 屆 鄉鎮(縣轄市)長選舉,鄉鎮(縣轄市)長選舉,16,2009-12-05,苗栗縣,561315,424874,51,18,290394,283726,6668,75.69,68.35,35.29
2009,第 16 屆 鄉鎮(縣轄市)長選舉,鄉鎮(縣轄市)長選舉,16,2009-12-05,彰化縣,1311971,989266,61,26,649097,618827,30270,75.4,65.61,42.62
2009,第 16 屆 鄉鎮(縣轄市)長選舉,鄉鎮(縣轄市)長選舉,16,2009-12-05,南投縣,530769,407350,27,13,276075,258142,17933,76.75,67.77,48.15
2009,第 16 屆 鄉鎮(縣轄市)長選舉,鄉鎮(縣轄市)長選舉,16,2009-12-05,雲林縣,722831,559157,42,20,361491,344877,16614,77.36,64.65,47.62
2009,第 16 屆 鄉鎮(縣轄市)長選舉,鄉鎮(縣轄市)長選舉,16,2009-12-05,嘉義縣,547267,428076,39,18,322402,306405,15997,78.22,75.31,46.15
2009,第 16 屆 鄉鎮(縣轄市)長選舉,鄉鎮(縣轄市)長選舉,16,2009-12-05,屏東縣,882575,680401,71,33,463705,448834,14871,77.09,68.15,46.48
2009,第 16 屆 鄉鎮(縣轄市)長選舉,鄉鎮(縣轄市)長選舉,16,2009-12-05,臺東縣,232290,177750,34,16,110031,103679,6352,76.52,61.9,47.06
2009,第 16 屆 鄉鎮(縣轄市)長選舉,鄉鎮(縣轄市)長選舉,16,2009-12-05,花蓮縣,340910,259799,30,13,154711,147501,7210,76.21,59.55,43.33
2009,第 16 屆 鄉鎮(縣轄市)長選舉,鄉鎮(縣轄市)長選舉,16,2009-12-05,澎湖縣,95751,74858,9,6,47425,43841,3584,78.18,63.35,66.67
2009,第 16 屆 鄉鎮(縣轄市)長選舉,鄉鎮(縣轄市)長選舉,16,2009-12-05,福建省,102492,79941,24,10,44454,43018,1436,78,55.61,41.67
2009,第 16 屆 鄉鎮(縣轄市)長選舉,鄉鎮(縣轄市)長選舉,16,2009-12-05,金門縣,92602,72255,17,6,38903,38047,856,78.03,53.84,35.29
2009,第 16 屆 鄉鎮(縣轄市)長選舉,鄉鎮(縣轄市)長選舉,16,2009-12-05,連江縣,9890,7686,7,4,5551,4971,580,77.71,72.22,57.14
2014,第 17 屆 鄉鎮(縣轄市)長選舉,鄉鎮(縣轄市)長選舉,17,2014-11-29,總計,6249738,4955692,470,198,3534279,3385651,148628,79.29,71.32,42.13
2014,第 17 屆 鄉鎮(縣轄市)長選舉,鄉鎮(縣轄市)長選舉,17,2014-11-29,台灣省,6110664,4842507,452,188,3480925,3336000,144925,79.25,71.88,41.59
2014,第 17 屆 鄉鎮(縣轄市)長選舉,鄉鎮(縣轄市)長選舉,17,2014-11-29,宜蘭縣,458799,363298,27,12,256550,246181,10369,79.18,70.62,44.44
2014,第 17 屆 鄉鎮(縣轄市)長選舉,鄉鎮(縣轄市)長選舉,17,2014-11-29,新竹縣,536539,402076,29,13,276803,256707,20096,74.94,68.84,44.83
2014,第 17 屆 鄉鎮(縣轄市)長選舉,鄉鎮(縣轄市)長選舉,17,2014-11-29,苗栗縣,567044,445123,37,18,324344,309544,14800,78.5,72.87,48.65
2014,第 17 屆 鄉鎮(縣轄市)長選舉,鄉鎮(縣轄市)長選舉,17,2014-11-29,彰化縣,1292098,1013533,67,26,739683,716176,23507,78.44,72.98,38.81
2014,第 17 屆 鄉鎮(縣轄市)長選舉,鄉鎮(縣轄市)長選舉,17,2014-11-29,南投縣,514894,413519,27,13,302404,290715,11689,80.31,73.13,48.15
2014,第 17 屆 鄉鎮(縣轄市)長選舉,鄉鎮(縣轄市)長選舉,17,2014-11-29,雲林縣,706634,564643,50,20,418567,402326,16241,79.91,74.13,40
2014,第 17 屆 鄉鎮(縣轄市)長選舉,鄉鎮(縣轄市)長選舉,17,2014-11-29,嘉義縣,525775,430059,36,18,319202,301308,17894,81.8,74.22,50
2014,第 17 屆 鄉鎮(縣轄市)長選舉,鄉鎮(縣轄市)長選舉,17,2014-11-29,屏東縣,849113,685402,91,33,504354,486248,18106,80.72,73.59,36.26
2014,第 17 屆 鄉鎮(縣轄市)長選舉,鄉鎮(縣轄市)長選舉,17,2014-11-29,臺東縣,224807,178670,40,16,121241,117106,4135,79.48,67.86,40
2014,第 17 屆 鄉鎮(縣轄市)長選舉,鄉鎮(縣轄市)長選舉,17,2014-11-29,花蓮縣,333413,264058,32,13,163325,157363,5962,79.2,61.85,40.62
2014,第 17 屆 鄉鎮(縣轄市)長選舉,鄉鎮(縣轄市)長選舉,17,2014-11-29,澎湖縣,101548,82126,16,6,54452,52326,2126,80.87,66.3,37.5
2014,第 17 屆 鄉鎮(縣轄市)長選舉,鄉鎮(縣轄市)長選舉,17,2014-11-29,福建省,139074,113185,18,10,53354,49651,3703,81.38,47.14,55.56
2014,第 17 屆 鄉鎮(縣轄市)長選舉,鄉鎮(縣轄市)長選舉,17,2014-11-29,金門縣,126562,103152,10,6,46627,43135,3492,81.5,45.2,60
2014,第 17 屆 鄉鎮(縣轄市)長選舉,鄉鎮(縣轄市)長選舉,17,2014-11-29,連江縣,12512,10033,8,4,6727,6516,211,80.19,67.05,50
2018,第 18 屆 鄉鎮(縣轄市)長選舉,鄉鎮(縣轄市)長選舉,18,2018-11-24,總計,6163586,5028488,523,198,3498432,3325596,172836,81.58,69.57,37.86
2018,第 18 屆 鄉鎮(縣轄市)長選舉,鄉鎮(縣轄市)長選舉,18,2018-11-24,台灣省,6011679,4900154,498,188,3440442,3270389,170053,81.51,70.21,37.75
2018,第 18 屆 鄉鎮(縣轄市)長選舉,鄉鎮(縣轄市)長選舉,18,2018-11-24,宜蘭縣,455508,372203,32,12,257416,247966,9450,81.71,69.16,37.5
2018,第 18 屆 鄉鎮(縣轄市)長選舉,鄉鎮(縣轄市)長選舉,18,2018-11-24,新竹縣,556307,426633,37,13,290134,274697,15437,76.69,68.01,35.14
2018,第 18 屆 鄉鎮(縣轄市)長選舉,鄉鎮(縣轄市)長選舉,18,2018-11-24,苗栗縣,549798,445651,44,18,315460,302360,13100,81.06,70.79,40.91
2018,第 18 屆 鄉鎮(縣轄市)長選舉,鄉鎮(縣轄市)長選舉,18,2018-11-24,彰化縣,1278437,1028928,82,26,729822,702965,26857,80.48,70.93,31.71
2018,第 18 屆 鄉鎮(縣轄市)長選舉,鄉鎮(縣轄市)長選舉,18,2018-11-24,南投縣,497876,412718,38,13,300373,291154,9219,82.9,72.78,34.21
2018,第 18 屆 鄉鎮(縣轄市)長選舉,鄉鎮(縣轄市)長選舉,18,2018-11-24,雲林縣,687195,564228,54,20,403977,372052,31925,82.11,71.6,37.04
2018,第 18 屆 鄉鎮(縣轄市)長選舉,鄉鎮(縣轄市)長選舉,18,2018-11-24,嘉義縣,507780,428217,35,18,303022,275369,27653,84.33,70.76,51.43
2018,第 18 屆 鄉鎮(縣轄市)長選舉,鄉鎮(縣轄市)長選舉,18,2018-11-24,屏東縣,826779,688100,89,33,489528,466853,22675,83.23,71.14,37.08
2018,第 18 屆 鄉鎮(縣轄市)長選舉,鄉鎮(縣轄市)長選舉,18,2018-11-24,臺東縣,219268,179387,43,16,122507,117330,5177,81.81,68.29,37.21
2018,第 18 屆 鄉鎮(縣轄市)長選舉,鄉鎮(縣轄市)長選舉,18,2018-11-24,花蓮縣,328331,267642,32,13,173812,167896,5916,81.52,64.94,40.62
2018,第 18 屆 鄉鎮(縣轄市)長選舉,鄉鎮(縣轄市)長選舉,18,2018-11-24,澎湖縣,104400,86447,12,6,54391,51747,2644,82.8,62.92,50
2018,第 18 屆 鄉鎮(縣轄市)長選舉,鄉鎮(縣轄市)長選舉,18,2018-11-24,福建省,151907,128334,25,10,57990,55207,2783,84.48,45.19,40
2018,第 18 屆 鄉鎮(縣轄市)長選舉,鄉鎮(縣轄市)長選舉,18,2018-11-24,金門縣,138845,117568,20,6,50313,48525,1788,84.68,42.79,30
2018,第 18 屆 鄉鎮(縣轄市)長選舉,鄉鎮(縣轄市)長選舉,18,2018-11-24,連江縣,13062,10766,5,4,7677,6682,995,82.42,71.31,80
2022,第19 屆 鄉鎮(縣轄市)長選舉,鄉鎮(縣轄市)長選舉,19,2022-11-26,總計,6034299,5024802,489,198,3245510,3109582,135928,83.27,64.59,40.49
2022,第19 屆 鄉鎮(縣轄市)長選舉,鄉鎮(縣轄市)長選舉,19,2022-11-26,台灣省,5879385,4890991,470,188,3188902,3055618,133284,83.19,65.2,40
2022,第19 屆 鄉鎮(縣轄市)長選舉,鄉鎮(縣轄市)長選舉,19,2022-11-26,宜蘭縣,449012,373143,31,12,240196,229859,10337,83.1,64.37,38.71
2022,第19 屆 鄉鎮(縣轄市)長選舉,鄉鎮(縣轄市)長選舉,19,2022-11-26,新竹縣,578949,451610,36,13,266694,257729,8965,78.01,59.05,36.11
2022,第19 屆 鄉鎮(縣轄市)長選舉,鄉鎮(縣轄市)長選舉,19,2022-11-26,苗栗縣,535149,442986,34,18,297824,279605,18219,82.78,67.23,52.94
2022,第19 屆 鄉鎮(縣轄市)長選舉,鄉鎮(縣轄市)長選舉,19,2022-11-26,彰化縣,1245445,1026313,65,26,666670,636340,30330,82.41,64.96,40
2022,第19 屆 鄉鎮(縣轄市)長選舉,鄉鎮(縣轄市)長選舉,19,2022-11-26,南投縣,479889,405712,32,13,280336,271130,9206,84.54,69.1,40.62
2022,第19 屆 鄉鎮(縣轄市)長選舉,鄉鎮(縣轄市)長選舉,19,2022-11-26,雲林縣,664604,558495,54,20,376360,361312,15048,84.03,67.39,37.04
2022,第19 屆 鄉鎮(縣轄市)長選舉,鄉鎮(縣轄市)長選舉,19,2022-11-26,嘉義縣,488920,422148,37,18,284336,269664,14672,86.34,67.35,48.65
2022,第19 屆 鄉鎮(縣轄市)長選舉,鄉鎮(縣轄市)長選舉,19,2022-11-26,屏東縣,798965,677933,94,33,455845,441808,14037,84.85,67.24,35.11
2022,第19 屆 鄉鎮(縣轄市)長選舉,鄉鎮(縣轄市)長選舉,19,2022-11-26,臺東縣,212712,177573,40,16,115089,111303,3786,83.48,64.81,40
2022,第19 屆 鄉鎮(縣轄市)長選舉,鄉鎮(縣轄市)長選舉,19,2022-11-26,花蓮縣,318849,264897,32,13,152769,146166,6603,83.08,57.67,40.62
2022,第19 屆 鄉鎮(縣轄市)長選舉,鄉鎮(縣轄市)長選舉,19,2022-11-26,澎湖縣,106891,90181,15,6,52783,50702,2081,84.37,58.53,40
2022,第19 屆 鄉鎮(縣轄市)長選舉,鄉鎮(縣轄市)長選舉,19,2022-11-26,福建省,154914,133811,19,10,56608,53964,2644,86.38,42.3,52.63
2022,第19 屆 鄉鎮(縣轄市)長選舉,鄉鎮(縣轄市)長選舉,19,2022-11-26,金門縣,140938,122012,11,6,47995,45625,2370,86.57,39.34,54.55
2022,第19 屆 鄉鎮(縣轄市)長選舉,鄉鎮(縣轄市)長選舉,19,2022-11-26,連江縣,13976,11799,8,4,8613,8339,274,84.42,73,50
